image_name,score
00349f013812bd36b129.jpg,0.047877368
003ef51ccfe48c3e9757.jpg,0.9884321
004785cd3bff84d2bfdd.jpg,4.9724353e-05
005e1b9d3bc5e5ac6056.jpg,0.9953187
0065bbb7430f1dc4e03b.jpg,0.00056908303
00671b6a095bdaf4041b.jpg,0.00029562012
006f8325ae2e3a3a0356.jpg,0.9999962
009992bc1c4aa8d3832d.jpg,2.7119402e-05
00b78b88b13804996365.jpg,5.9701742e-06
010040cf2a16c99e0e48.jpg,0.9999999
015834dab4d85cdcb267.jpg,1.8260038e-06
015f5631e96736dddfff.jpg,2.4821486e-06
017127475874256a3688.jpg,1.0
0179d0913386a6ebb704.jpg,0.9999671
01b19f897a62405dd07a.jpg,3.4457903e-06
01b5228f7c1fdc8b6037.jpg,3.0998242e-06
01c4c2fab6e4d2ce2480.jpg,3.0440688e-06
0212f3fd79fe89b949bd.jpg,5.8052575e-07
0216cc043c54a1f0a93a.jpg,9.033935e-07
022488350e35df4ddb87.jpg,0.9998764
0234aa0989971c3132e6.jpg,0.9989778
0278e90ae8e2a6b5d80d.jpg,0.79687715
02938a131c91e7b62edd.jpg,5.849478e-06
029608ab9422724df2fa.jpg,0.0020695522
02a50dfac21d04724c90.jpg,0.99955875
02cb527ba769337b3763.jpg,3.2855405e-05
02d7ab7497cd36fed929.jpg,2.3263185e-05
02f3bc39e2090c5351b2.jpg,0.99999595
02ff97d7e32e7b302eff.jpg,0.9999999
030e714c8ef084a846ec.jpg,5.3939143e-06
0353701801c958f3e851.jpg,1.0963179e-07
0358b42053fae28d8b8a.jpg,6.736503e-07
0393d29b28bc1ed0a13e.jpg,0.9957449
039a8cf106869cde159e.jpg,1.5931978e-06
03c902ad5e05cad23a68.jpg,0.891557
03d902f3824b76c053ca.jpg,0.9999155
03e241df6b88ff752650.jpg,0.82625544
040344203f4a17895cbb.jpg,0.003946111
0411725da147030b1882.jpg,2.149312e-06
0424e3dfc20f72c61a78.jpg,0.0012358275
04309929cf161f05b9b3.jpg,0.9997526
044d7f16081c809147cd.jpg,3.1314594e-06
045c34d9ca96dd4137d4.jpg,4.8274146e-06
04677e18b29c55af7336.jpg,0.00013886092
046ff73399f46141780f.jpg,0.00052754604
04789ef5225949f1aef1.jpg,1.4588682e-05
04bafca39d3fde0d27d8.jpg,0.00068658195
04d119f63f4a8d724de0.jpg,0.9999273
0500a85232fb21f7935a.jpg,1.0
0501ac93cca996fb2f79.jpg,0.00017568393
0522eb970677c48b8a75.jpg,0.49231136
052359cb3d6ed26d2249.jpg,0.9999882
054427acb3c5b501bfd8.jpg,6.0762267e-07
057621b3509e2f26ea15.jpg,0.9994856
0588e0b58c50d023fd9e.jpg,0.025616795
059f7208cec56f0a1f5d.jpg,0.99993396
05a541cc1c1f29fdbc59.jpg,0.99999976
05a8ae2396e2455f8517.jpg,0.034509253
05b6ca85eb0738284936.jpg,7.654892e-06
05c90020240e1f2fafff.jpg,6.899861e-05
05ce817bf6ae78658131.jpg,1.2222747e-06
05d23988b70fe8e75734.jpg,0.9991334
05e02f5e7de0908e06c3.jpg,1.3082265e-06
05ea1eca48846c7465ea.jpg,6.2133986e-05
060d10f87b998c2a0946.jpg,0.9878419
06132ab4ca963b184e5e.jpg,0.99999976
061cc749f6e6c899dc42.jpg,0.9999995
0670f0ac209184cdf038.jpg,0.053367496
067b7b5fad1a6daf58b2.jpg,0.99998343
068560ba21811c09cbe7.jpg,7.177606e-07
0686784a1bd901600bcc.jpg,0.00017825393
06a21645d81792222456.jpg,3.5782523e-07
06ac30e73e887f15c4f7.jpg,0.9870465
06b1f59950c41b330d00.jpg,2.4564482e-05
06d9466fc774151efe6b.jpg,0.98695356
06ed70986d2b4ab5e368.jpg,0.9999999
06f716f6710dfb1daf8f.jpg,3.4838246e-07
073e0e7099e02d6a19ef.jpg,0.9999969
0746ef45cffbe91e7883.jpg,1.0776641e-05
0765d7bb3ed4a552c60f.jpg,0.99999833
076711d7e226787375be.jpg,0.09937031
0772d60a5f1e5e974c17.jpg,0.00032202303
07811fb9c0da24325a21.jpg,1.1158291e-06
0789e17849fff44332f3.jpg,0.00010624067
078c4524482114d02c6d.jpg,0.022442188
0795973d4ef67394b43c.jpg,0.9942747
07b2fff49eace855027c.jpg,0.00012809316
07b5e30e3f08a83c673a.jpg,1.2329966e-06
07c55eede12cd07b73b7.jpg,0.0009235906
07c8a9e4d9d3f01e0d65.jpg,4.8867896e-05
0811eb7f2d4104472d72.jpg,1.5201878e-06
082e52476d603ef9f809.jpg,0.00011577816
08453e4b5004a691137b.jpg,3.937512e-07
0864bbc8b1f2929930f4.jpg,5.127725e-06
0876fba1662524924b20.jpg,0.9343304
091de917245539651d99.jpg,6.85171e-06
09285e2803c0e26ffb0a.jpg,0.001667664
0941d2aeeb50b9c2192a.jpg,0.04246431
094303d8be5e3b20a58c.jpg,6.977844e-07
09464eb09a829a5e7c18.jpg,0.997148
095b1b7529a1f5b50823.jpg,0.97115266
095d86601814aab168e0.jpg,0.00011718812
09834eeeee57dfac17b7.jpg,0.998678
09a455f541f0058bf1fa.jpg,0.99974877
09c003632993023e67f0.jpg,4.4322132e-07
09e37b17aa49e8800b87.jpg,0.029812202
0a1747638fea29f4c758.jpg,3.1649148e-07
0a441886ee529107268d.jpg,1.5734297e-06
0a458f7a35752e968477.jpg,1.0358472e-05
0a4ba314342cb8ce24ff.jpg,1.3512065e-05
0a9baa62274ad22dab3d.jpg,4.159083e-05
0ab3891795cfac5e4b2d.jpg,0.003052935
0af3e85544de01a4e0a8.jpg,6.0062835e-06
0afd36383f4df838761a.jpg,1.7827073e-05
0b1878855b295785de5d.jpg,0.21741226
0b31bebd1d91d12c065e.jpg,0.99995327
0b386bf34ea80ad39dd2.jpg,0.9996006
0b588051038bf24c0bb7.jpg,0.99999976
0b5ef27bb6e4fb08cb83.jpg,1.0
0b70795bd7014fa925b0.jpg,0.9999995
0b7771a0090866ae6286.jpg,0.98970187
0b7ae994f8740edcef47.jpg,0.0457286
0b7bfc90fe8c787999ed.jpg,0.63759506
0b88113d0c306c825d36.jpg,9.9531935e-05
0b93b4cf1a48fb52249e.jpg,0.00027718293
0bc2a99f9d7ad481d8d3.jpg,0.00045248
0bc3297a1f52060eeb45.jpg,4.1920857e-06
0bcc782df42fda6f9803.jpg,0.7069649
0c1a3ddbbbe6b2b6e653.jpg,9.328155e-07
0c53e6086fe3273cc536.jpg,0.9999304
0c5afb2c81f855dc25bf.jpg,0.2937695
0c70dd4d42bf6c05da17.jpg,1.1439723e-06
0c83aa566a4aef2bb085.jpg,1.0089258e-06
0ca2cfc3f1472a64e2c6.jpg,3.8425965e-06
0cc5fe1caab7ba48a9a7.jpg,0.8682042
0ce1ab45b6d051ac6210.jpg,0.99998176
0cf0bb08ed52825d278a.jpg,0.988247
0cfe0202cb446ba722b7.jpg,0.9999894
0d0724f94dc858cc7ff1.jpg,0.9805177
0d0959f89c1e0d6c6da2.jpg,1.3417261e-07
0d29be55691e4a8648cc.jpg,9.897797e-05
0d2c63cc6cba79bf5e07.jpg,0.03609048
0d42ee4d2dd35540afb2.jpg,1.0138089e-05
0d63a0ac362a835887de.jpg,0.99999774
0d660abdbe560776bc18.jpg,7.229087e-05
0d69bf15c6e4eccf125f.jpg,0.9997315
0da559b7674670ad84d4.jpg,0.99999976
0dbc2f321c7bc2876049.jpg,0.9993753
0ddd035c766c46a0d40d.jpg,2.8275924e-06
0dec7217a8cbed4bd5a8.jpg,0.9995016
0e04e04cdeb4406efdd3.jpg,1.2859082e-06
0e27c743aeb7bc13846b.jpg,7.646105e-07
0e5543569b9449fc54b5.jpg,1.4639996e-05
0e86a9c91fa3d1a1eff9.jpg,2.917275e-06
0ed20eda2e7bc85ca942.jpg,0.9998086
0edba0d23399eeb40191.jpg,0.00041825048
0eddfeb1780005eb36b7.jpg,1.227769e-05
0f244a84e7bd38c7187e.jpg,0.9989637
0f24cac1d715d4ddea68.jpg,0.8948338
0f3efc362689433309fe.jpg,0.0001191378
0f43132cffff163daf97.jpg,0.8141005
0f4894edd40515103904.jpg,0.030924037
0f4c3c39c999f0b48329.jpg,0.995624
0fb2c0a2dd44ec9ba1ff.jpg,1.0213102e-05
0fc6e01816a4aac8c3a6.jpg,6.609461e-06
0fd3a2aeefbc510b66f1.jpg,0.0023561767
10043f1982eb82cf583f.jpg,1.0
104cccc4bdf0e6101c01.jpg,0.99899584
10538b39898abe425b03.jpg,0.99999297
107b40f28851e4a88391.jpg,5.9425287e-07
10b8063894c7c99c4827.jpg,0.1682252
1103940927e281b74134.jpg,0.9999999
111495fe86e14d1b070d.jpg,0.85956323
11231c2bd61362aedba4.jpg,0.9999968
1123fe69473eb6fd7c9f.jpg,0.0153162405
1137b3470018a6b1947f.jpg,3.358805e-06
115370cb5fd33f2b3c23.jpg,0.5902219
11ac3f53d7d23b7beaf3.jpg,0.9999635
11b7a2cd593c5358c917.jpg,0.9989754
11c9f2f66e0f83fadc66.jpg,0.52560747
1208b976c5b777d82d29.jpg,1.3160275e-05
12111ad6d51ff16e3b87.jpg,1.0
12120f527a992a8372d7.jpg,0.72303504
122aa8080a84fc38567e.jpg,0.97156346
124551dfffc899a2d342.jpg,0.99418736
124e9b3969164c77237a.jpg,2.1683911e-06
12617c69b9c7c00a72d6.jpg,0.2546653
1297257e62f54e6eacef.jpg,1.3841919e-06
12adec1a178e51cc0c25.jpg,0.83692235
12bdfd13edf9e5109a17.jpg,0.001345608
12ca2c7faf3c7d000216.jpg,0.7322066
12d8e4e2e8239904b068.jpg,0.99999917
13283e8f67a35f361367.jpg,0.9999999
1364f43f73882a93890f.jpg,0.81983167
138c9abca48830685dbf.jpg,6.6324756e-05
13e7206e07cdf4aa169b.jpg,0.9997379
14472fc64c0a6af4b8ce.jpg,0.004312669
1452e3618cd072636fa8.jpg,0.0005049834
1464dd171299a7cdcc3f.jpg,0.00033409634
14669c84490aef003c5c.jpg,0.9995648
147384ee2fd72a0a1052.jpg,0.99992394
14b5a47e7eac70fd2abc.jpg,0.45153746
14b7ae72d7b56a79ab81.jpg,1.0
14d6815ec0d1a02914a3.jpg,8.1578726e-08
14e09d6f6d8eb22438a2.jpg,0.0014073424
14e1e82b29b9b9f78f82.jpg,0.99988544
154757e1364055f757ae.jpg,1.5192187e-05
156cc1bfb1c35490744e.jpg,0.7610765
158b6e7397aaffaac343.jpg,0.21776207
1593346b3b0cffc30814.jpg,0.00092326774
15d3a005765ac629bbb1.jpg,0.9997701
15f3709c215e930df2fd.jpg,0.052410405
1609ba96b2a74ad5374c.jpg,0.101948306
1635b00b52d95854fa53.jpg,1.327742e-07
16425fd059758fe76bf3.jpg,2.9664794e-05
1656e33206e8fad37da3.jpg,0.00039561515
165f8ba6868c404e1451.jpg,0.0028988807
1661e40c1822080cbfc1.jpg,0.9683034
167279a293e55cf9e463.jpg,0.06858294
16768de65944091620a5.jpg,2.733023e-07
16828afc56e2e0865c54.jpg,8.602642e-07
1686f96e199be8e6970f.jpg,0.15386882
16877c28fa6a5643e84d.jpg,0.3684075
168fee80a6a5f5c64c31.jpg,6.210674e-05
169745f842d755241e5f.jpg,3.493769e-05
16e0eaaa9e7ca11f6011.jpg,2.4763228e-06
16fa747fd879ee7e5044.jpg,0.9999999
17092aceda2f093c40a5.jpg,0.00011137439
1765b47c4fc17f2d38f6.jpg,0.9731002
1781a7309c82275241c4.jpg,0.017610643
17d2c244fbc9cc6d8410.jpg,5.336182e-05
181814f30195c321897e.jpg,4.0928404e-05
184cedcf9996a2252c25.jpg,0.0059967563
185b47a7b4497af5cf6e.jpg,0.010756514
187a15e744de8df81d4e.jpg,7.0060827e-07
18811dbd1b4813702f51.jpg,0.83020663
18930711356b1fd619f3.jpg,1.9053024e-06
18d76b7820afe634fad2.jpg,0.9998542
18d8336ce14993e3e263.jpg,0.999961
1919ee6628c3f6264be2.jpg,0.9998896
192454e11dde79d1c33b.jpg,4.0866707e-06
1950c5241ac87c59c98c.jpg,0.9733906
1957a7c1c2203434f51d.jpg,1.1277596e-05
197b4e7d78ed30d6e80d.jpg,0.9999999
1997d214d810541fd217.jpg,0.999892
19bb25f6b23995217977.jpg,0.9997998
19c18a98582c8757af92.jpg,0.9958406
1a3d646de7013adfd72d.jpg,9.696093e-07
1a9388e6f924b839313c.jpg,0.00026233838
1ab4271d34138db85489.jpg,9.923419e-06
1ab57f88f9262d75e524.jpg,1.6653199e-05
1ab90ff402bed9a25298.jpg,0.561354
1aeb29d905e0c7edd278.jpg,0.99988794
1aed1326b399420cce87.jpg,4.55058e-07
1b2d7238e445157569dc.jpg,2.0925405e-05
1b3944d40ab615ec2ada.jpg,5.443202e-06
1b4a21cbf07dd2ede055.jpg,0.999736
1b63b13c1b1e7dca5f0b.jpg,0.5245245
1b7470a70dbd6a7e03fe.jpg,0.06919199
1b9e7b3c80fd36a7dace.jpg,0.9998739
1bb3c1faa71d1ba78670.jpg,4.7056548e-07
1bcc3798fe71433509fb.jpg,0.9802941
1bd48a30e66500c12b14.jpg,0.06371308
1bdb629516c9c8eb78ef.jpg,2.0914499e-08
1be196e88054a37f86ce.jpg,1.2869547e-06
1bfb8f5040c941c25503.jpg,0.9975865
1c2ffd7fbe620138b20f.jpg,0.006527281
1c34ea42930e6300fbd7.jpg,8.2204576e-07
1c5f1229500b1bf70775.jpg,0.022504594
1c7b0020fde401b1d455.jpg,0.019948775
1c8c23be8f3ea37313c6.jpg,0.009743748
1c8dfb8da01942eec829.jpg,0.1216436
1ced5b2a65cbd7f870d5.jpg,0.9901314
1cfaeb8115e4311423e3.jpg,0.0022009579
1d1026bbf55ad873f160.jpg,1.1600264e-06
1d1eaad50d08aa2d75de.jpg,0.9958574
1d578e2a83ef0e120bc7.jpg,1.0
1d8f6b4c63ba6fc31521.jpg,6.4279794e-07
1d96873649f4e48c89a1.jpg,0.00021964635
1d987bf47710c58c7dd8.jpg,1.3344207e-05
1d9e816001694779072e.jpg,5.3032154e-06
1dafbd7452a7633aa2f6.jpg,0.99995005
1dc13a7107b7180111e0.jpg,0.908827
1dd36f0929cd03146f81.jpg,1.3068027e-05
1dd5a7cd724b3792ba23.jpg,0.9999999
1dee726ac72d65188cb4.jpg,0.47745186
1e0e60fc751b441341a6.jpg,0.9956025
1e50cdf9f9b99dd0592f.jpg,0.00027700438
1e5f1dcd6a7aee878ebf.jpg,0.02632698
1e6cbccdf7840547b7cd.jpg,3.9212405e-06
1e7ae95583d6308db5ec.jpg,6.0666257e-06
1e7bcc846f6f5a78b3bc.jpg,0.99840933
1ea2cbfed81af23d2717.jpg,0.99972814
1ea58bc2144faab95e98.jpg,2.706107e-06
1ecfcdcce811361f2b2b.jpg,0.01497566
1eedefc137dac9e591fb.jpg,0.99999535
1efd8347d00f183c356d.jpg,0.025358114
1eff60459605d7313d6f.jpg,0.0007937144
1f094eb4d1943e4d2f1d.jpg,0.99897504
1f229ceec88fc293cadf.jpg,4.1868051e-07
1f3d1e8f1051ed935e3a.jpg,0.9999819
1f428f014ae5940668fb.jpg,0.99999976
1f55793b8299d587af25.jpg,0.99999905
1f679a8ed9b931df722f.jpg,2.8342254e-05
1f919e4b40ada7e36dc1.jpg,0.0699401
1fb3e029756f8be2d853.jpg,0.9987067
1fc1fd0e8b3eb463925d.jpg,1.1153419e-06
2015367b5da25eb8e646.jpg,2.5423164e-05
2016e48c991069ffffae.jpg,4.5851513e-07
2045ec5ae43443d3f197.jpg,0.99999905
20480da16cedec12c341.jpg,1.0474977e-05
2057844f826967a1c04d.jpg,0.999943
20797a539bee3803deb5.jpg,7.0998685e-05
207a472a44c9eb7b5e7a.jpg,8.700258e-06
208351bb9da6471035e5.jpg,0.27380058
209ab1d926686ab95c9c.jpg,0.99958855
20a68ce40997d28e21fc.jpg,0.99995625
20c085d6c9b65ef331ee.jpg,0.9999999
20c616bd9fecb51ad7a2.jpg,1.2596578e-06
20c9ecac273bd99a4b38.jpg,0.99967253
20f91f537edc7a415385.jpg,0.99791723
211cd697766a18667a9f.jpg,0.00018716621
213181a9ec1d0055aad2.jpg,0.99996173
214412d70623d1d3adfb.jpg,1.2298282e-06
215a7cbc7f2c4993fb73.jpg,0.15445466
218b8570c74a7bf62d1b.jpg,2.2493916e-06
21e6e4641feb8af92a73.jpg,4.1940623e-08
21e92dd3ff6093240009.jpg,1.0687502e-06
2228ad37932661eea1f5.jpg,0.06268825
223cfc94ded8aaea98fc.jpg,0.0011521516
224634fdd2ad7d4e992c.jpg,0.99997437
2263caa4d228f405f3fc.jpg,4.3425294e-07
226559b57dd0c94406ee.jpg,0.00026375384
22678633e4fe118957d3.jpg,0.99791604
22af62c0744192d1114f.jpg,0.00023561742
2342fce2cca4ed3a2c2e.jpg,0.00077068753
236469de3b0373daa4de.jpg,0.0021458054
236eb026955d911c3ed3.jpg,0.9999864
2377acd90ad773b2370f.jpg,1.1891608e-06
237c7ce905e0f983ec3c.jpg,0.99997544
23807a5b161d3b199231.jpg,0.9999957
2397e54dc99b7918e800.jpg,0.00026052003
23c8370ee33cd0980072.jpg,5.935313e-07
23dbb15cc92b32fe4490.jpg,0.99054176
2402b3e0b5d564667b2f.jpg,1.6126943e-06
247d6f3f7e2d863d02ff.jpg,0.99999976
24b90fdcc167a8d7f99c.jpg,1.8578694e-06
24c472c3bf634e2676fb.jpg,0.9999993
24f3efc048db66464bc2.jpg,4.493647e-06
2507adad55170ee1f1ba.jpg,0.25500217
250aa55f56a0bf461c5d.jpg,2.788791e-05
25235efef0e6c0b8c8d1.jpg,0.9628766
253034b642df33450616.jpg,0.19010073
253ab6667da41cc0084e.jpg,1.7413355e-07
254c1686c19e6dc4131d.jpg,0.21909665
2556739046d04236f863.jpg,0.9950224
25924f8882e7cb8b52f0.jpg,2.6972896e-06
25a3df716b5c1492a3c1.jpg,9.142247e-07
25bd889a009d6c27201d.jpg,7.76054e-06
25becf33ffc39f1dd60f.jpg,0.741222
25d528ee6a5daec4070e.jpg,0.8474401
25d66a1c62e5592e74df.jpg,0.000117576754
25fec3284ac76d78035d.jpg,0.99999976
2608398c86ca409e022d.jpg,5.396868e-06
262f7f8368f504b5ec53.jpg,1.2453278e-05
26557c620beba5048616.jpg,4.6508452e-05
26a6896f2ab82059ac25.jpg,0.00047411188
26bbcb82db35fb00eaf5.jpg,6.5867175e-07
26e1d493d1b43311f211.jpg,0.9990945
270aed2c8d907fb9fd90.jpg,0.73659104
270ed67e0d1ee2f766e7.jpg,0.9999881
2725a09150653eb370e0.jpg,0.9982639
2725d83f5b8fa739310c.jpg,4.2735566e-05
272ad29173eab2e3defc.jpg,0.6162414
27342e73b6f8bc6528b0.jpg,1.962056e-06
273f13d1d2a937ec91ce.jpg,0.000103205595
278c08337959fecdaee2.jpg,0.0018027339
279d8110a36173b9f208.jpg,0.69996923
27bbd2b6f3b04739503d.jpg,0.9055959
27c7cd8ab9fd9c0d25a4.jpg,3.327105e-07
280914311d566514d24e.jpg,4.8045654e-06
281a941096e7e2071729.jpg,0.99538356
288da68d22bcf45522a8.jpg,0.53113776
288f78e987f64b528f1f.jpg,0.013633302
28aa227d5da2fef3457c.jpg,0.9999987
28aebf50b18cf3022929.jpg,8.0671425e-06
28b083ab48c7533cce87.jpg,2.5388808e-05
28c86c5116f6bb4313d0.jpg,0.6772172
2916ab15cd472f0aa47c.jpg,0.042911004
2973803bed120c00bcf8.jpg,3.5793752e-07
29915ba62fad9b8b0319.jpg,0.9996001
29940604f2a70400a91f.jpg,0.99999523
2997c01777788cdff53e.jpg,6.6298385e-06
29a3a7b9d41c2726259d.jpg,0.00017903326
29aae46ecc5fdaf99863.jpg,3.0587994e-06
29d13eb04a63e94ed3e3.jpg,0.9454471
29d7b332eee29a204bc0.jpg,9.952382e-06
29e334e1f0b8ff62f78e.jpg,4.6455747e-07
2a16d6f4379a6c6cb6b9.jpg,0.0062554413
2a409615224ec0982ec3.jpg,1.0099693e-06
2a55df1c6fd4ddd7addd.jpg,4.999576e-05
2a63445e033dd040dea6.jpg,0.7119569
2a9282115a8285709e91.jpg,0.67504543
2a97fae50f4759c6ef87.jpg,2.1342326e-05
2a98da1bb0070b79d05e.jpg,3.50993e-07
2aa23f66e3ad15c649be.jpg,8.684297e-05
2abc7792ef97e383642a.jpg,0.9999907
2b04a3a458c06aa1c4ff.jpg,0.9996948
2b08a94be94446fc95a8.jpg,0.001067135
2b09ff5786702c14ebcb.jpg,0.9999993
2b1a5aff61a3f7705255.jpg,0.0004176142
2b4694aaac306d239f4e.jpg,1.8415949e-05
2b84a8bd97625dc34c2d.jpg,7.1073714e-07
2b8ca82931c782584ff4.jpg,2.4922438e-06
2b91330ffb92ef3512e8.jpg,3.1597517e-07
2bd1045b7f2217258056.jpg,0.99997914
2bfb5732a07955c99f5a.jpg,1.1641514e-06
2c0f4f75e546533d02eb.jpg,2.6331665e-05
2c62bb4ae8c25814b05c.jpg,0.30728072
2c6c72d4e8255274d134.jpg,0.00018060415
2c70008277a4ed063c2f.jpg,0.0015423107
2c8661d36b936ae157ba.jpg,1.4855849e-06
2cd678a674f9e44bbf89.jpg,1.2577823e-05
2cecc10346d584bcda87.jpg,0.005346029
2d236cea7bc88b50fe3f.jpg,0.46713537
2d2913f75027f7db70bb.jpg,1.6330089e-06
2d6f67121e55df06df76.jpg,0.9999771
2d77e1dd14bbe89eb510.jpg,0.999539
2db09922f365825f6ea1.jpg,0.99999964
2dc4d1f649ec84038474.jpg,1.5702683e-07
2df006ae22f5c0f2e880.jpg,0.004082089
2e0f284afa516e732da1.jpg,1.0839618e-05
2e31189af114a1d19249.jpg,0.99966955
2e7a0078e2da5758f4b8.jpg,0.5124894
2e8827d0ac5afc458009.jpg,2.6400824e-06
2ea15887ff83fc3de7a5.jpg,0.9996778
2ea7bbe5b12ecd27f3d4.jpg,0.04344438
2eb5728cfbefa04afbf2.jpg,0.00014867536
2eb699a20e811fbf41d2.jpg,2.798363e-07
2ed6af2fe3de40e22eb8.jpg,0.8760124
2ee6898073ae726b24a2.jpg,2.5804673e-06
2f23b7ddd1fe1654c0c4.jpg,0.9999721
2f37fc00c7277dd38a31.jpg,1.0085631e-06
2f6080603bae3b3ef5fc.jpg,8.724953e-06
2f784e8f3c638c44f083.jpg,0.999984
2fa3365efe984c89c977.jpg,0.00028859955
2fb2cd96debba6e75ff3.jpg,9.023543e-06
2fcda351d59feb37e8eb.jpg,3.3708486e-06
2fe74761ba05b4eb1941.jpg,0.99999964
2ff05417eb3028396bee.jpg,5.7225836e-05
2ff49a39a9231172d4c0.jpg,0.8907619
301107488cac2284df7f.jpg,0.00026875408
3011c785eca7c975517d.jpg,0.0036099625
305d9f61f117642ed93c.jpg,3.9460306e-07
307e530cae0588da9b83.jpg,3.617888e-07
308250f8b175442ef9a6.jpg,0.0018283849
30be5230fb2997a15cfe.jpg,0.0012220343
30f20b13d9d61121583a.jpg,2.8515711e-05
310d780cc8dad725e16c.jpg,0.99963915
31272a3e0d780c663dec.jpg,0.99999094
3163e87fe3f4a4578749.jpg,2.8486802e-06
31713a1170d8af00762d.jpg,5.1116517e-06
31e348ee716f732014ae.jpg,2.7544976e-07
31ea11f356db2c49dcb8.jpg,5.3877507e-06
326bdfe4cd0e8c3d582b.jpg,0.008923813
3295366a17f440ec3622.jpg,0.9999993
32c439eaf24e4539430d.jpg,0.9999808
32e02981cbb3eec75215.jpg,0.99995315
32efd195209a2508eeb9.jpg,2.1569842e-07
33168abe5efca37336bb.jpg,1.3390993e-05
3319d90b2fea62303c32.jpg,1.0
331c6325df069ef80d37.jpg,0.2109564
3326f81f24e6ca83e341.jpg,0.99998903
333672cb706f0134b7f7.jpg,1.0
3346affdfa44efc31d3c.jpg,3.0655744e-06
336915d10a2d291d01fb.jpg,1.8181709e-05
3378cd9d45fa2df02391.jpg,5.1503986e-07
337a926dbf621c7a7d38.jpg,0.99999666
33a4cd80310d4433cad0.jpg,2.4454523e-06
33ad577bbdc6d3549488.jpg,0.9923609
33af6d6d89497760151a.jpg,1.9276425e-07
33b4e5a3e6731ada7429.jpg,4.3086675e-06
33b5a2b2e56b213fa95c.jpg,1.0
33bd03ca12da02113627.jpg,0.0006273163
33f2eff148d25df1c7b1.jpg,1.0
3406ada3db21022db727.jpg,0.0058262753
341cc1efe3e71150b094.jpg,0.99999976
3439c60c98122d9c6dc7.jpg,0.83938116
34738335b9b1ee63b538.jpg,0.999775
349194f97644e9c52dcf.jpg,0.23524526
3491a717665853b548b2.jpg,0.99999785
3494d6de251c032bbc76.jpg,0.00012824705
34a7ae4183bca4124b70.jpg,6.5141185e-06
34c699609fb013092ea5.jpg,0.96875215
34fe4880ffecdb45cefe.jpg,0.99733895
35064e0408a0f2f591d3.jpg,0.07433705
354aeaa5c55005521ffe.jpg,2.8907104e-06
35605dc01ab17017b480.jpg,3.729213e-07
3584297be36424680158.jpg,0.00014411552
35877ea126e871816d45.jpg,0.00015417862
3598937832a0d0f17cdf.jpg,0.9092042
359ca4a77b688607d943.jpg,4.6227171e-07
3611ca22d7d544907f67.jpg,1.317321e-08
363b52aaa4b817842afe.jpg,9.595554e-06
36468f7d76a1d1e65389.jpg,0.00019565361
3649b856c8677a7824c0.jpg,0.97470367
3650c64a214026bb63c4.jpg,0.93570787
3651483efbdaed7ef7e4.jpg,0.99308914
36568c6c583de8906841.jpg,0.9999999
367013da61843e135702.jpg,5.993518e-06
367e0f2f51604d39e297.jpg,0.33257627
368a6a522c0f4281be87.jpg,2.16055e-07
36992f4b30e413c8660e.jpg,0.16123477
36c394db78aeb0b8c7b7.jpg,1.0
36c8a8208265f16ac431.jpg,2.3911832e-06
373801946fb52c08245c.jpg,3.6313247e-06
373861f82f06292f2f7f.jpg,0.7145485
37475c3cf4f3bb40aa90.jpg,0.87008375
37500dde4cd2d7515ecb.jpg,1.3058783e-05
3764e9bbf2bf85f8bcca.jpg,1.0469005e-05
3765cb9d91fabc88ff00.jpg,0.00034578517
3774b1c8efa0de66cb1a.jpg,0.9999987
37ab1890521789e81293.jpg,8.1961436e-05
3803493c1f686bfe0c9e.jpg,0.00121235
3818cedf1f17985031b4.jpg,0.9989562
382b123681c821a20163.jpg,1.0
387f822b66dda2738e26.jpg,0.6548881
38948e02c24e27296208.jpg,0.99557084
38a0c41addc1356f6084.jpg,2.4238407e-06
38b8957b7aae69eb46c2.jpg,7.413132e-06
38ca8fae3fecba9a7c68.jpg,0.003281819
391fef5c8db1294a0c07.jpg,5.6788423e-07
392b105f53a1985ddf10.jpg,1.5523367e-06
3963c14a4a2f11705e5c.jpg,0.98427284
39c47fd7329bf5768d25.jpg,0.96160376
39d7aef01f30e493cf80.jpg,0.00028343525
3a03db58e1e47c235967.jpg,1.9004292e-05
3a3b5dfb581bd7054624.jpg,9.865702e-05
3a4c9158cbfb3d7fcebd.jpg,0.0021478536
3a6558baaa7aa5c33764.jpg,0.06499893
3a7461e37f66a6c1129d.jpg,0.0005028992
3a757003d5b2e4985aaf.jpg,0.99984634
3ab7bf9a2dd4475888c6.jpg,2.389934e-05
3acab68638b2a5928d69.jpg,0.00029660284
3adc15dc846b864158cc.jpg,0.9916101
3afc12859748e9eda4f7.jpg,6.5393024e-06
3aff100d98281c177cf8.jpg,0.44770372
3b15970d5ecedfe1aa7a.jpg,0.99268275
3b23795f3061e8358076.jpg,0.99999464
3b26c98b2ea69975eeee.jpg,1.5512624e-06
3b2c8e3cb0e7edd276d6.jpg,0.9958747
3b8b9308f85a7223fd10.jpg,4.5864329e-07
3ba849beeb158c2b3cc4.jpg,0.99613744
3bb2f789a0d039085e5d.jpg,1.10829305e-05
3bcc3a632372b255666e.jpg,0.00035628251
3bd89c283e2afe6a71bf.jpg,2.0575137e-05
3bd93203cb19469f9488.jpg,4.5483516e-06
3c0271dfa2aec754dbb9.jpg,3.3443854e-07
3c0c7cb21fa37ea26264.jpg,0.9999814
3c2427a570f7729db6fd.jpg,9.248733e-07
3c3bd58de85c541003dd.jpg,0.9999229
3c439ebaefce670b13ca.jpg,8.327454e-07
3c4e2bdf92952b33332b.jpg,0.0017885505
3c50f74ba6374b11ac72.jpg,0.9999223
3c539f905411025100c2.jpg,0.99999905
3c53dcc0bc83a540afb1.jpg,0.9551182
3c5d4dffbd57fb864881.jpg,1.4917213e-05
3c6cc59a2f779b798d22.jpg,0.99999595
3c93c81918a3e8ed7fc0.jpg,0.07374631
3c948556cac2b1ed2923.jpg,1.7171055e-07
3c99e2b7e1e0db9557b0.jpg,0.9990019
3c9fc5adad475e8da773.jpg,2.9486632e-06
3cbbfb771d7d5d7f0abe.jpg,0.99999976
3cbe9354bad689f945df.jpg,0.8207713
3cdba82c971aadfd7636.jpg,0.052205417
3d11581abd570fe1284a.jpg,0.99999976
3d223cbd17a0b29d9b90.jpg,0.84241545
3d48eeae4c5a14920040.jpg,0.99943584
3d61e155cf1b01348552.jpg,0.9990025
3d7752641f20952110c7.jpg,0.77732915
3d7df1edf2a3cc8a3122.jpg,2.4005947e-06
3d8674631e284ec2f65f.jpg,3.1159037e-05
3d900ce77db1f3d36acd.jpg,0.9997845
3d962950fe801fc5f619.jpg,0.9866889
3d9a0a63b13099554080.jpg,0.047979698
3da04692d098f932f67c.jpg,0.00041006558
3dba7133aea6813df5b5.jpg,0.9999291
3ddddc1e88dc4e7c5a66.jpg,0.7941524
3dec71e92c5ae1353edf.jpg,1.0
3df938bbb620e7e167e8.jpg,0.00035926417
3e046ae822a0fc658d52.jpg,0.0001226133
3e09066398e57b522077.jpg,1.5506866e-05
3e0ea303d84e9ba774ca.jpg,0.99991894
3e1d5574566081d19daf.jpg,0.99837446
3e4308198cc03cfe318c.jpg,2.4390893e-06
3e4411affdebb84d60ec.jpg,0.0003298136
3e4808a43c5b44301453.jpg,3.5641604e-06
3e57cfddcc9752fe29a4.jpg,4.5672505e-06
3e9b78bace598cf7b6db.jpg,3.463918e-06
3e9c0f118daf13dfd075.jpg,0.00021875957
3ea93a7104cd291d43dd.jpg,0.91938734
3ecb154608abf3763053.jpg,1.4682269e-06
3ee85b17f07472a3eecd.jpg,0.99999964
3f2cd865bbd34fa46430.jpg,0.9999951
3f2fe5e767a71f115071.jpg,0.00017328933
3f485d7475b19e311158.jpg,0.00047870708
3f5166e95c99a336d443.jpg,7.3160874e-05
3f5544e3f18560ec4943.jpg,1.9363335e-05
3f755a1ca91dea49d64a.jpg,2.3867398e-07
3f7edf0a758c5001e0b5.jpg,2.408389e-06
3f800d5f163e8b884a49.jpg,3.845478e-06
3f9dcc986b0326b0bbe6.jpg,2.556944e-05
3fae65a4e761413c6e4c.jpg,0.064886324
3fcd4e229683d9f5de89.jpg,1.2681709e-05
3fdbd80710556497414d.jpg,0.9999927
3fef6967f75c8618043b.jpg,2.833227e-07
4006870a9d0ff719c95d.jpg,0.9975006
4007a506b233153b4452.jpg,0.23086466
400af5fbeff9d7ece6a2.jpg,1.3312151e-05
4036b4ebb4223aaf82e5.jpg,0.9999554
408fd5daf68e42cde811.jpg,2.750004e-06
40b795d7e63a83fb5ec8.jpg,1.1825714e-05
40bd206b50618facf710.jpg,0.020923177
40beb37b60560a4f9c9c.jpg,3.5023464e-07
40f0c7cac9da3fbad724.jpg,0.9471994
411a8f557d88b147e131.jpg,2.577088e-06
4157c484023acc1b2b37.jpg,0.00021812889
416bddfb03b81365529c.jpg,0.0007707613
416fb91014537099e71c.jpg,8.483732e-09
417ebcab360972bcce16.jpg,1.3607032e-05
41dc13c5f9927460559f.jpg,1.5929842e-05
41f2346b8f1c93efcec9.jpg,0.97023535
42252cef134f24520a05.jpg,1.7804075e-06
42286ae6472970dbdbf2.jpg,0.99999976
424c84c8738dd90c121f.jpg,3.822352e-07
4262ea80f0ac5ed4bfe2.jpg,0.9999962
42792036638d13242664.jpg,4.834108e-07
42a194a8c43de62f25e7.jpg,0.00050880865
42cf93fc9fca4e24b64e.jpg,1.9431629e-05
42d87987bbc2bf87fd62.jpg,2.4323519e-05
431efd71b9442694d137.jpg,0.9500953
4330aa70eec3eabc09e0.jpg,0.978837
434ba56bbbfd9928d288.jpg,0.9424748
436b728756dee2aaf698.jpg,2.0262993e-05
4378735fff08a6ed41b0.jpg,0.0070545673
437e05175707ca27b6e0.jpg,7.7112645e-07
43a434370d0da23ea490.jpg,3.6228778e-06
43c6228926d32eaa5eb2.jpg,3.7166058e-07
44189ed7f699c8b0414c.jpg,6.9638636e-06
441afe644207022af82e.jpg,0.16401875
441dda6b49b7d20b9611.jpg,2.881185e-06
44207f85ba8466176ed0.jpg,0.99867105
445045118520b5b0fa3b.jpg,0.9999968
44b5bd7b2d8f095ee500.jpg,0.9999999
44ec161f109c481539ba.jpg,1.19024235e-05
450e075a9ab1d6379ba7.jpg,0.9999974
4524db232fda6991ba88.jpg,0.9999999
452dca4ef723e229cfa4.jpg,4.197222e-05
4530bd09c2054bec176c.jpg,0.19081692
45576fefcca4cd16c380.jpg,0.9999989
456de2c7df66d214430c.jpg,3.5285104e-06
457573a1e973898999b1.jpg,1.9433095e-07
458efd6eb85989b9e7a8.jpg,0.40371537
4593c803fbec681f6158.jpg,0.0013761722
45a877301f9162dac1e6.jpg,0.99999905
45b254b7e78e35752178.jpg,7.4309123e-06
462e8389742f9319b80c.jpg,1.33263e-05
4650ca2d6c4045b0a36e.jpg,0.9562313
4654b015b389304e943a.jpg,0.5224644
46a99361585f278ff2d1.jpg,5.762542e-07
46c9500d32511bef0cd4.jpg,0.9999999
46cf2f2c957c8d2d55a7.jpg,5.848e-07
46cf7dbbd9c1ff5e3595.jpg,1.7632162e-06
472b850d24ac15b78588.jpg,5.224438e-06
4734d0314b4edc3e7753.jpg,2.818388e-06
473ac0ee97a1a684609c.jpg,7.326462e-05
475f19428cb8c4d3a678.jpg,0.0003376168
476cbe4e2880dec0c3aa.jpg,7.014802e-08
476df5b1af4b5d3d7de0.jpg,0.9976803
478bf9f072ce87ad929b.jpg,0.9355427
47906bc2d64f2c2e03a8.jpg,0.011625819
47c10491e8a1c265b326.jpg,0.9992981
47d92605eddbf5c68f68.jpg,1.7785492e-06
480b6cba93ba17538049.jpg,0.01934049
4816d7cba77b62c79b9c.jpg,1.2475903e-06
483c3a20db53521e7fdf.jpg,5.1800216e-06
4843ffe1b66ca28c3668.jpg,0.001051492
4848cb9053da5f8adf48.jpg,9.410571e-06
486e1b80a75692768c41.jpg,8.367246e-06
48ac98d761edc42d842b.jpg,0.0037167228
48afe7d24b73d2873a4d.jpg,0.99973446
48bb3bc49709a0c86606.jpg,0.004613652
48d5d85eb335a74b91e3.jpg,2.5031889e-06
48d6e0a5bcdf3b490c09.jpg,2.2354178e-07
48e8441b0ec86c687106.jpg,0.9998672
492caafb37f8e40c7fc1.jpg,0.00037029956
494fcdc8455deddb6717.jpg,1.1759002e-05
4961995891dc3ab2ffcd.jpg,1.2656279e-06
496d6618aa52c751fd41.jpg,0.018174645
497c3a0e793a4dea516e.jpg,0.9999989
499af686a447db0eeed9.jpg,2.7851597e-06
49fa02a488db0c5907f3.jpg,0.009767927
4a076c5f924ade7ba1d8.jpg,0.47120053
4a40ee7c25bf54728d95.jpg,1.0492955e-05
4a6c332e6b22d49743e7.jpg,1.3624734e-06
4a6f74f1ae70e013ca0a.jpg,0.005770365
4a74790046b762beb6e3.jpg,0.99978334
4ab891b47036a8b9b16b.jpg,6.689067e-06
4ab96749fdfee9663607.jpg,1.0
4ac6c05f97fcc1fe0e05.jpg,0.9999889
4ae751f2b716b7ed8891.jpg,1.090761e-06
4b24214cce93de9920d6.jpg,7.5244476e-05
4b308e404df180e2af03.jpg,4.7201367e-05
4b37eaeb142655112abc.jpg,0.9766213
4b4120f16b5d99cbc81b.jpg,2.17573e-06
4b5877041724b22fa5e7.jpg,0.9997404
4ba4d90163d30c81c5cd.jpg,0.9999387
4bb45bead44a62bc4407.jpg,0.99995387
4bffbf07dd403ca27a32.jpg,0.98053074
4c1676a08578a84ad0ee.jpg,0.042127654
4c1b008f5e7d8740e5d4.jpg,2.1205868e-05
4c39b77fcbe26d854a17.jpg,2.907243e-06
4c3b286dd4c35cca4698.jpg,0.0014440996
4c4a3f01dbced6592d82.jpg,7.0167007e-06
4c56e67c2aee6dbec87f.jpg,5.0664215e-07
4c9d9a4195dcd32e1fab.jpg,7.868584e-06
4cbde40e499af778c1bf.jpg,2.2016493e-05
4cbfc587601894eb2b41.jpg,0.9999982
4cd4f5ff3dc0eba8c52c.jpg,6.5789227e-06
4cd7dee082824037ca74.jpg,1.493136e-05
4cdc1f7d8f31c2dcf867.jpg,8.583084e-08
4cf7fe99026eabee2056.jpg,2.7473528e-05
4d05dbec1443707fa895.jpg,1.1451141e-06
4d2074031669a7d7d003.jpg,0.0007787566
4d5ab54ecad3f5ae68ef.jpg,0.97841966
4d88fbcf4275ff101a90.jpg,2.4107874e-07
4d98c4cbb9cf5d572a87.jpg,0.99176747
4da1cbffc1ffe45b2dfd.jpg,1.6090618e-05
4db51140d34e78856fcf.jpg,1.2242801e-05
4db77433d09fead9549e.jpg,1.04203544e-07
4ddc28632650a629ad46.jpg,0.0012196074
4de18fecdbd5309e11c2.jpg,2.3513292e-06
4de315fc95142f4e3cc9.jpg,2.78904e-08
4e01d7c0687c8ad43091.jpg,0.99999845
4e117739a319bfb566ca.jpg,0.8801168
4e1b63ca125374628c9e.jpg,4.7391527e-06
4e4662c42137aaaf8e34.jpg,0.99877435
4e509c79c995907f5161.jpg,9.611452e-06
4e50a5ea7fd2bc679d49.jpg,2.4189607e-05
4e71d7ef8ca632e6574e.jpg,0.97175205
4e7ed80faccc86dac690.jpg,1.0
4ec3de6f8f4fa8f9182c.jpg,4.2938984e-07
4ed2ae6d3d89aeb18e0a.jpg,0.9560179
4ef09946ebf015cf77cc.jpg,0.98439306
4f03e4e1f2a132e5c5e0.jpg,1.3121613e-05
4f166f962f982e016969.jpg,0.999405
4f181a74b0dc33077de5.jpg,0.00081983715
4f2cb21bd13c97c5129e.jpg,0.00014321602
4f61b7391d2406f266de.jpg,4.4950098e-06
4fa64108f7dcabff207f.jpg,0.010810277
4fac039df2c6321665a4.jpg,0.99076813
4fc7120cc0509de03d1b.jpg,0.9999583
4fceef6d16ac1634c1c7.jpg,0.004872892
4fe1be661d09e0f70ea1.jpg,0.9999999
4ff4241ff6d727cad6e8.jpg,5.5810738e-06
4ff8cf6e983854421e8b.jpg,1.9317145e-06
500076df50bc39062a43.jpg,7.242792e-07
500d7b5f3afce423cc96.jpg,0.9999114
5036404548e10dc0dd6a.jpg,0.270681
5046fed2ef2fd22659d9.jpg,6.0973372e-05
5087b68bd4b86be5e113.jpg,0.99981016
508b9ae139c071b26ad5.jpg,0.999966
50c8b5a3feede7c36c2e.jpg,1.4564857e-06
5108194249c14f670b65.jpg,1.5953194e-05
511e5d0bd9e18bd3461f.jpg,0.99999154
51522f538361659e6cd9.jpg,8.02025e-07
515beea4922230c7f75b.jpg,0.99985564
516dae3373995eb230ac.jpg,0.5990353
518ed232b52910c0830f.jpg,1.0
519c0df84319b8a3f63a.jpg,4.449569e-07
51b0f22b766f823ab80c.jpg,8.183263e-06
51b443d699886d56cb3c.jpg,0.99580693
51cd0586873c5d1a3c10.jpg,0.02789473
51fb7a5ef1968b5cee6f.jpg,0.69746625
52077380cd555dce312f.jpg,0.9999999
5224239064c07289d40f.jpg,0.9546814
525728922ea4cbebce24.jpg,0.40849578
527d8d6517c9dac2d629.jpg,0.89136887
52cf008d72fc91db462a.jpg,0.95945024
52d373df8c40bb45c5b9.jpg,0.9938623
52f71d586a4c45d5271c.jpg,0.9950837
530b69574ef28b10627e.jpg,0.99770606
530ebd3ca513f7ba2cf2.jpg,0.99999964
53148d83f40188507cc3.jpg,0.6648666
531989388794e0de3fea.jpg,0.9996172
532a1223860ea9e4669e.jpg,8.195845e-06
534f8fe4eb47de83b0d6.jpg,4.8587895e-06
538775c447ee89641252.jpg,2.5213518e-07
538e989c1a66cb08d21b.jpg,0.9992824
53a19a8b07a73aa92a4a.jpg,0.9999999
53c7824388ba7d3934b5.jpg,2.424582e-05
53cb1258585a156a94ae.jpg,1.5460193e-06
53d8478abda098a8d8cd.jpg,4.157991e-06
5420591a4bc1270ee4e3.jpg,0.99928504
54301ba85f2b5e935989.jpg,4.682887e-06
54899b48123538ea9400.jpg,1.0
550c764cd5a04e4a6e28.jpg,1.0
551b8bec370eeb232888.jpg,2.165275e-05
5526c1f160e80baa199a.jpg,8.449921e-06
553152e03a71c4ad70ae.jpg,0.99549955
55751c15c86be3dc81c5.jpg,1.7319334e-07
5575c3c4cca949c6232e.jpg,0.99956447
5579fd2584d63b0d1c02.jpg,0.002228291
557a545528f6e469e0e8.jpg,2.4115278e-07
55821dfbcf2f6ebe43fc.jpg,0.9991997
559621f74d3993084424.jpg,0.065057
55c930c765c2c8382281.jpg,1.9261155e-05
55dcd31202548a05db04.jpg,0.0016141797
55e83c3bd2f2fa33f0f1.jpg,7.21099e-06
56378506369e5a949e05.jpg,0.9891032
56579bfcd0cd49f0647f.jpg,1.5721788e-06
56668ca85c2d5d7e197d.jpg,8.66376e-06
567703efe06dc0b87ebd.jpg,2.8667935e-07
5696d62d0d5824ce05b5.jpg,0.9236973
56c2ce34b883796e3300.jpg,7.4423306e-06
57011f10287abfad90b6.jpg,2.6716813e-07
570f85bfa55c72376406.jpg,1.537163e-05
571cb4e2f882c789fdb1.jpg,9.565354e-07
5794adb3b11754efa31d.jpg,0.9048329
57aedfe33f919b2397f8.jpg,0.00036083866
57be2737c7b149cb9631.jpg,8.836423e-06
57c0427e5be257b4102d.jpg,1.7100017e-06
57c9495b90687436e50a.jpg,3.5896166e-05
57f3eba409afa380b8e0.jpg,1.1177239e-06
57f60c8b9812b21d8978.jpg,0.0008929809
58034dbc641f709a89f7.jpg,0.99992764
5822d68f90256aed3175.jpg,0.99998796
5834fe7da37ed03cded3.jpg,0.76364875
583f5d4c04e5cd1a5b16.jpg,5.3182057e-06
585ea8f406349d99861e.jpg,1.08240075e-08
5860337e18bc7b1691f9.jpg,4.897533e-07
586875cd92a4dfd751bb.jpg,0.99996245
5884b142ebca11024ecf.jpg,1.25197e-05
58b5482cf397c4776ce4.jpg,0.12759699
58b967529d2d5366e270.jpg,1.0
58f7cad7b283c55192b5.jpg,5.6071174e-05
58fd7b6e4eb22cc77ca1.jpg,2.9060291e-05
59052e6dccb0314fb487.jpg,6.4461406e-06
59288b9a9300d70eb3d7.jpg,2.8618374e-06
5934821d59ada216c83a.jpg,0.011559425
5953b44aa07546694f54.jpg,9.1307277e-07
596964f088fd47555dc5.jpg,0.99957913
5974c02d068393015a08.jpg,1.3031539e-05
59a2b9a773677fc7b3c3.jpg,3.3688045e-06
59bb416c0edbbf66ce00.jpg,0.9995957
59ce4ed0178e37274a78.jpg,5.829646e-07
59f264662711e1e27176.jpg,2.2236805e-05
5a8f0ef49280f00e696d.jpg,0.9999988
5a914354ab06314389c0.jpg,6.0413086e-06
5a91c6348ee0cb2e5a8a.jpg,0.87788093
5ac2de34fbc4b6326a15.jpg,0.0004703539
5b017f32ac14c5ea5c86.jpg,7.938439e-06
5b1a2178d68f0f26b34f.jpg,2.027254e-05
5b21e67a421cfd831c70.jpg,0.042192742
5b81282e6f9acdafc8a3.jpg,0.9999894
5b8b922186201985c55c.jpg,0.00016459709
5b8bfee17d8a1bb0a63f.jpg,0.9996202
5b8ed0af25dd5322b784.jpg,3.808623e-06
5ba00d7048ff5c38b18f.jpg,1.1965095e-06
5bb65dd593a240dbe800.jpg,3.0945666e-06
5bb698ab66ac026fbffd.jpg,6.437785e-06
5be7beb9de8a21664001.jpg,0.000250476
5bf5a4f0471155207abc.jpg,0.9801894
5c2a6145d58e1055faf8.jpg,0.9999206
5c3246813e4c9406749f.jpg,3.5599749e-06
5c89256ce509f146abf7.jpg,0.99999607
5cb7a93e102fa104004c.jpg,0.99984777
5cbd3d020c36ee3071fd.jpg,6.0285296e-05
5cd1910b4da5ab049969.jpg,3.2413952e-06
5cd5e55128c4b52624bc.jpg,0.9981641
5d11ed168fc49dc786a3.jpg,0.9999918
5d1a094521e817a93a9e.jpg,0.8178864
5d2c00c67bba3ad5cdac.jpg,2.7572258e-07
5d2f0b70f3673c714c7f.jpg,0.0011015271
5d5e62bd5204a6aacf1f.jpg,9.018745e-05
5d6de462cd8ff4d4d25a.jpg,0.027209504
5da7c9b864a66f255a51.jpg,0.9995152
5db0d4ff8d16b0ab7006.jpg,4.045721e-06
5e06604702bbd71d22f8.jpg,0.0002582321
5e0f7d813bd4128bc999.jpg,1.0
5e275234fec3c53445b0.jpg,0.036429506
5e56477fa3494a3d9673.jpg,0.00013039922
5e9bed8bbbd5d4f5cfb1.jpg,0.91933197
5eaabea2ea8edca88649.jpg,1.0
5eaaea320b479448f3b1.jpg,6.149242e-05
5eaba50eff05e4309cc7.jpg,0.99999034
5ebc9c0409be8043954f.jpg,0.28240007
5ec4d3d1a91b438bd7a1.jpg,0.0021435511
5ece8ab29452e057d112.jpg,0.9870861
5ed2922ada3a27ef1ab3.jpg,0.99999964
5ed467f84020a42d8dc4.jpg,3.2621218e-05
5f1a374899df16f8db77.jpg,0.9905151
5f43d93727137b027598.jpg,0.0001813057
5f47eb1046877e31ef18.jpg,8.877795e-06
5f50551102bf922f190d.jpg,0.85689193
5f5a8e3b6fa961c99737.jpg,9.2586083e-07
5f85b841a9f1fc57bbde.jpg,0.00015937565
5fa9927e2340c06323fc.jpg,8.0283536e-07
5fbab63d794ee6ddaa9f.jpg,1.7675701e-06
5fc50cb0602ee5f9d775.jpg,7.163455e-05
5fcb2f1e170c137fd99e.jpg,0.9999994
5fdc25821e7b98cacfe1.jpg,0.9999906
5fe2d1d69ffb8b2b8b5e.jpg,0.99996996
5fe77f6b363d09239f66.jpg,1.0
5ffcd83a04627c75e382.jpg,0.9999851
600625151e14e7111b88.jpg,0.6972596
600ff9e0643ae9aa80dc.jpg,3.668324e-07
6032a6ffcc532329895d.jpg,0.81359065
60514a13f8e0e5e4eee7.jpg,0.9998055
60743f3e4d32e70896bf.jpg,0.9998652
60a376354e4a378ac947.jpg,3.8820122e-07
60a73e250af04edb8bf0.jpg,0.98113513
60c9215c350c31483fa3.jpg,5.413051e-05
60fadfcddb26bbc7de7c.jpg,0.021041585
61291fc24e2a99d2c91e.jpg,0.99430794
613e84832c80d245cac0.jpg,0.999961
6145798217f153bedc0b.jpg,1.3800497e-05
615a0b7725eeb4dbf669.jpg,2.6842977e-06
618fbb5b0b66f1728700.jpg,0.00047470108
61a2c17a446eaebe90b9.jpg,0.999987
61d439824770f021c797.jpg,0.9991399
6200223f5b3f8956ca36.jpg,3.0159847e-05
6201265bec75fe91c396.jpg,0.99997044
6240b3f84ed4afac450e.jpg,0.00024974704
62467fa0a8d68eabd4cd.jpg,0.00025147243
625b0518bcd0f75e6bba.jpg,0.99980694
629b8d8140137cba8831.jpg,3.318663e-07
62a531b9bf95d810fe75.jpg,5.4241123e-06
62e25fbbca1c4b98b52e.jpg,0.0022972974
6304360f2e0812b9fa4e.jpg,0.007097551
6315381c69fef13a7b6b.jpg,0.67459035
632d531b5c6e4e224a9b.jpg,0.00011465862
6333c4ab6902d40c115b.jpg,0.99999464
63346567ae4387a58a44.jpg,5.2690157e-06
633b300a19b815ec9ffd.jpg,2.0143555e-07
633d1720dd24a37dbe63.jpg,1.091092e-05
6349dc4b0532fada02df.jpg,0.9998709
634b0274958b6c94f636.jpg,0.99999833
63955e2655426bcfc2e4.jpg,5.6240446e-05
63a4ef0f0e947f40004a.jpg,0.9999937
63c38d207cba1297f60d.jpg,4.901611e-06
63dce4259d3776e6bdd1.jpg,0.9438299
63f439a0d55d0286e127.jpg,8.952467e-07
63ffd6191b860c0c9e72.jpg,0.022352172
64048f492ac96ef5f254.jpg,7.980827e-06
641e33d8517be85903b1.jpg,0.039756075
64240e4a9f44581607c7.jpg,1.5578983e-06
642cd50643c5672be9aa.jpg,0.9999851
643827e566537b36c124.jpg,0.9998771
6439bbb279716724edc8.jpg,3.6461142e-06
644db346216ffa7f1784.jpg,8.6108565e-05
645c018a5a29f41b854e.jpg,8.9692935e-07
646cabee10851d342efe.jpg,0.990558
647c815e7384cf2f3992.jpg,0.99999917
648748b4c686c9f51f16.jpg,0.9999877
648c607d3561d89c27a8.jpg,0.99963105
64978f8883d40fa55fe8.jpg,4.922993e-07
64add878f0d4acd83c95.jpg,1.3946104e-07
64b1c5ae61febf59bc19.jpg,5.0375327e-08
64b2fd5f5303d38bf981.jpg,5.9317526e-06
64b9d0f4b795b66b79cf.jpg,0.9999901
64c3c5e23dd4ec8565b1.jpg,3.140814e-05
64d193f9ea7ca2ae1bae.jpg,0.0064495937
650d2278b77875b05e61.jpg,4.128711e-06
65144bb410afa93fbdaa.jpg,5.117282e-05
65167ecd373b0c47137b.jpg,0.06777235
651dcf04e0cc301d0172.jpg,1.0
6534f0970e7cd2ef44bb.jpg,0.97569555
65642668de3e1677b35c.jpg,0.99996257
656a78c108afd9b7a5d6.jpg,0.0002619677
657640eb036aee811018.jpg,1.09417215e-05
658018e8a5d013dced1b.jpg,0.015396827
65856f11e6b4fef32865.jpg,1.2103655e-05
6594c494df773d7175b9.jpg,0.60854423
65969962651813ee97f3.jpg,2.115205e-06
65998a76800ae98b59f5.jpg,5.6402723e-07
65c4eb18f51613ca5e74.jpg,0.99999356
65d7c3984132489a065a.jpg,0.089678265
6610179174c6146e6d80.jpg,0.4676845
662cf4b0718a0978716b.jpg,2.528851e-06
6649c27d0bb87bf9c54d.jpg,0.9982247
664abca38eab05058cac.jpg,1.9617137e-06
664b9bef87748f6ab9d6.jpg,1.0
664fae0b2f93bd61e59e.jpg,0.021158624
6657653301adba0528fa.jpg,0.0014716528
665ac172192cbd3cafde.jpg,0.9521384
667d7865c88cd7b055b4.jpg,0.99997413
66b2c9fdf70c7ddb2cd7.jpg,6.8844645e-07
66b5b4cfad216fed8a46.jpg,0.99978155
66bde95fa2a0dcb3ca6e.jpg,0.00012128521
673e7325827447106bd1.jpg,0.009872014
674966d734c7a0671bff.jpg,0.011217926
674e6def65720af34359.jpg,4.4271572e-05
675a2a84d44f2eed7ec9.jpg,0.93598276
676d26476f17ad6b8148.jpg,1.8140848e-07
678ae5c19c0329367d83.jpg,2.0373823e-06
67985dc36985c7e59b5f.jpg,5.244511e-06
681626f068745006b274.jpg,0.0008412929
6836909fdc1cfba2a965.jpg,0.0011608487
6846dad38589e95cd280.jpg,1.1784845e-05
687c366c569e0ab6ec36.jpg,0.0001572961
6881d1beadcd32269e3e.jpg,0.0016220602
6890b68ed1adafc7dc02.jpg,0.9712341
689104d78f64b79f69a8.jpg,8.139289e-06
689dae9aefe812ab6dde.jpg,0.00017800208
68ec35a341abf4a28a0b.jpg,4.9253267e-06
69005a32eab2bf151a53.jpg,0.98513097
69255e04823edfeeddfa.jpg,0.9747872
692a89263c72f52ae8c3.jpg,0.99995816
693536bde40e1a4a5fc1.jpg,9.74689e-07
698ec5c16d375eb56634.jpg,0.9999987
6991aeac1740be71a0d4.jpg,2.6117586e-05
69a353e100086be2b797.jpg,0.9997311
69b0303f4d7239e72d8b.jpg,0.9999958
69b04e981de66a4d9929.jpg,0.42394766
69cab73b8e917dedb2c0.jpg,0.9999995
6a00f688a8e91d5cbace.jpg,0.957464
6a169d6b7fb9a195648a.jpg,3.083273e-05
6a34e925a3361f170f56.jpg,7.760073e-08
6a88617722cc2e9c6dcb.jpg,1.605205e-07
6a8fcd6dda39226e1d2c.jpg,3.390042e-07
6aa67c188f978e2b32b4.jpg,0.9999989
6ac8c25523c63742b4ef.jpg,2.5978181e-06
6ad0f0cce2cf8ffa5c9f.jpg,2.3599543e-05
6ae9f4a2cb3ac96d6701.jpg,0.5777875
6aefae58da67d00f376c.jpg,4.4350167e-05
6afb822b14d4cf30b426.jpg,0.92100173
6afffba3645590035eef.jpg,0.7134073
6b0feea4b4c5b69dab13.jpg,0.9939044
6b17d2476c74db679262.jpg,0.0041507394
6b1e6ebd8abfb04f71e3.jpg,0.99942786
6b483b7089a2ee33b7f4.jpg,0.88697916
6b6262448716e1758ef6.jpg,9.0182175e-07
6b99b18c8c8467fc3270.jpg,0.33410993
6bdd81a9bb86eb92c3d2.jpg,0.05129775
6bde4ea0f83a999f7294.jpg,6.5061336e-06
6be05a5da1eee9bdf7a0.jpg,0.000625745
6c1e2c39147042eeb86d.jpg,0.9994815
6c27e4aef6072c97d071.jpg,1.0
6c6101363bb271a71b0e.jpg,1.0
6c630ba9304c44e182dc.jpg,0.9999881
6c7598877e02c2957cdb.jpg,7.65223e-05
6c7d5f3c63c45ecfeb71.jpg,0.9999999
6c7feae00cecf344b180.jpg,6.7912165e-06
6c86f39164d6cbb28ff2.jpg,3.8392452e-07
6d05b3c361f290de1bf1.jpg,0.33448803
6d07f87bd8ef2b26cb59.jpg,5.9156986e-07
6d0b2fb33e07212878cb.jpg,0.2364384
6d182bca607f09f2a1d8.jpg,0.9921456
6d19aae53d84dd983d7d.jpg,1.0
6d461d5ed8964addcb86.jpg,0.9999895
6d51c8931d5ccb4a5bf4.jpg,2.8815393e-06
6d5d4f8c2f9d151c17b6.jpg,3.128716e-06
6d718649d569dc500a6a.jpg,0.00042102428
6d728a3cbc0cc811face.jpg,3.1455538e-06
6dc0fbdcb55d356c4b3c.jpg,0.9999913
6dd66e41fc4cdcfc2cd6.jpg,6.415696e-06
6e709605436020f7d5d0.jpg,0.23258446
6e75c2007fb86cf68b69.jpg,1.7096804e-06
6e81a346331188e8e68e.jpg,0.13245839
6e833035b9ca3bcdb12f.jpg,0.9902518
6e9c4c6f76f2be38da67.jpg,2.3881683e-05
6ea19f91119d279bf71b.jpg,6.7128894e-07
6ec402c3fb290df49cca.jpg,2.8894756e-06
6ec6c01c490d760f7562.jpg,0.998803
6f040a74baa1b3202b14.jpg,1.9248189e-07
6f19d0f78e69295a0873.jpg,0.8699095
6f3cb54a9d915ccad0b4.jpg,3.1631836e-05
6f43a3e5217e16de7c31.jpg,0.0011638711
6f63082c91acc836bfed.jpg,0.9209259
6f6bff70887d1b54684b.jpg,0.9999994
6f787bd4565fbbf22754.jpg,0.95241994
6fadbcc1f4e15e9bbd68.jpg,0.99999607
6fc0302ec2154444e789.jpg,4.389902e-07
6fdab6e70a8fb2f0468b.jpg,4.4861963e-06
7035445ac1e2af60fed0.jpg,9.4435745e-06
704f4e094e89236fdb10.jpg,0.00055832055
705f3c6d7d881964af33.jpg,6.7309684e-06
706fe6e9cccea4c4b190.jpg,0.9999788
707986d6545194659445.jpg,1.0
7080d657e6b4c9b0e1e3.jpg,0.99874866
7081c6a8d920e6547bbe.jpg,0.012192616
708393341aa51daf77ed.jpg,0.94868183
708ee77e597167768103.jpg,4.159895e-06
70c7c018495ea35ba6ac.jpg,9.558074e-05
7109b7acbbb93a89e401.jpg,0.9999933
710b0b54eba953b12bd5.jpg,8.514473e-06
712aa74bfdc613ddfe39.jpg,0.9949077
7134642dfc7dc737eced.jpg,0.9999155
714c8c8a74ed660a45be.jpg,0.0009762904
71652cdff42938558aa2.jpg,6.4492456e-06
718bff601b7ec417b67b.jpg,3.774755e-05
71ad91ae6f571faf60ac.jpg,0.99999976
71b95253bccc73d17cb4.jpg,1.9185948e-06
71bbee45c5964225fb5d.jpg,1.2656473e-06
71d38fb8c76e26d5dc38.jpg,6.213002e-05
71d4cdad0d369a1a8df8.jpg,0.99999034
7246976b82663e7947ac.jpg,0.9999912
724e51b77ed13cf44e88.jpg,3.0965126e-05
724fde87565382a7e195.jpg,0.99999774
726cc7eabf0d68e9a32e.jpg,0.9999045
726e4549168ec18c5ff5.jpg,0.9889444
729fbbc3d6766fd9ed77.jpg,0.06131409
72c2938b1ad9b5b25f2d.jpg,0.99323493
731b52d7f8bc8465c581.jpg,0.9999958
73336cb5a84e52abc5eb.jpg,0.987882
736c0bafac19bc7ea8a6.jpg,5.36584e-06
736ca92b62501fc958dd.jpg,1.6647297e-06
737d652fdc8e0bb4e966.jpg,1.5845487e-06
737fb58fcc659217cbd4.jpg,0.99999774
739ac8aff66686d106e6.jpg,0.00011322272
73bdce8aed955218b98f.jpg,0.99873036
73d92a7e257c39591265.jpg,1.9838703e-06
74352c9e8a3276c8e406.jpg,1.7994997e-05
74369d4e76fd39eb5d2e.jpg,0.0019552312
74734357deae9f006fd8.jpg,5.400598e-07
74799db6756c3da3b982.jpg,0.79385984
74820bcde230a0373b9f.jpg,4.7924477e-06
748a905f3335b4ded858.jpg,1.2201074e-05
749401332e121f2fda62.jpg,4.552787e-06
74aa88ef5a3abb516051.jpg,1.7148292e-07
74bb946e98f4e6d46614.jpg,1.2118657e-06
74cb3b22d75d85c5af5e.jpg,1.6503055e-06
74cb8142b0bfbd0b6f7b.jpg,1.1066561e-06
74d300e9203fcc086433.jpg,0.039257746
74defc4d3fb3275152c9.jpg,1.1439146e-06
7508673e0625a813e1b7.jpg,4.1900566e-07
7539b1779922dc5ccc34.jpg,2.7575703e-07
755195816d8dfb82f2d7.jpg,2.9148914e-06
755537559626afee781b.jpg,0.004681045
7562724d7bf515b1d51f.jpg,8.296673e-05
758ee7207f2efa32b7a3.jpg,0.9999969
7590636da8070ec77000.jpg,4.1382787e-06
7594ca35e2fb861dc8f2.jpg,9.016394e-07
7599b243ec205ec70241.jpg,0.99999857
75a1520cb43d9d9b9693.jpg,0.9408906
75e4f5c7fafcee667dd1.jpg,2.020025e-05
763ada8e710f2c79ca25.jpg,0.00023802235
765a9f7f9042de9cca65.jpg,0.99958116
76618fea330a859f3174.jpg,0.07035801
76a72b024c0e9c512680.jpg,6.0148255e-07
76b917a97e0563c2ace7.jpg,1.0367791e-05
76bad096da7d5a2356e7.jpg,0.9273493
76da2cb9267eb8fc962d.jpg,1.0
7700336c5fd12d4ae3ff.jpg,0.9999995
774f439b607ccf52f8e1.jpg,8.410458e-07
775cf6b626332dfd0514.jpg,0.26515165
7779935cc8c2760ed699.jpg,1.0
77909c50156d4a813455.jpg,7.4314507e-06
779fb191196a6bce74e1.jpg,0.001151671
77e4bc73da2e85ffe157.jpg,0.002658693
780e42561dde5c88143a.jpg,0.9999716
78163d4df22ef379dc0a.jpg,0.001681057
781c3c22d48775e98e7f.jpg,1.2709313e-05
782f6a3a374362fa73dd.jpg,8.366225e-06
783af75babfdb1720e89.jpg,2.1692185e-06
78d440d97f01091e0edb.jpg,0.0023912985
78d81b15eee0bd2a5ced.jpg,1.2454647e-06
78df878b7ea632b30219.jpg,0.00026710716
790bcd5ddf92b941aacd.jpg,0.9825227
79424dc8443fbd7745c7.jpg,0.14259578
794ec3a08a83e484b742.jpg,0.98495525
798274bce62046f4df38.jpg,0.83335143
7991c8b8cbe5e9c33010.jpg,0.9999994
7a051c8119fe420f5031.jpg,3.4716966e-06
7a2155da6bc8851f2b84.jpg,0.00039717354
7a33de05bb7b65e0f015.jpg,0.9999999
7a61d8c2639910d02cda.jpg,0.097636245
7a62720ba5370a5d580a.jpg,1.0
7a6655f10fccdf13c157.jpg,6.670273e-07
7a67401f224516afcb4c.jpg,5.0351115e-05
7a992d2a093622929762.jpg,4.664134e-05
7a9d201467a3a370e210.jpg,0.34303156
7b111fbe76830392f64c.jpg,1.0
7b1cbd8d31df1b342dae.jpg,0.9999989
7b3a1fc32b2c39020afd.jpg,0.98926187
7b454a923d42bff44e00.jpg,0.8507344
7b5eddd693272a44f9a8.jpg,0.999255
7b61d4f3b4e1bd00f678.jpg,0.14584166
7b6dd395be288abac0ff.jpg,0.9992237
7b8a05cc6889319ebb2c.jpg,6.668714e-07
7b91f178d90123d06b6a.jpg,0.0010116614
7b9578aba4a4bf413094.jpg,0.9999577
7be928c72c68ba46c234.jpg,0.0032497607
7bfe554deba0067129ac.jpg,0.000112874746
7c0b31bde465d406498d.jpg,0.99904233
7c53673be21551e03651.jpg,0.61862326
7c84031df3ff282c67eb.jpg,8.2108994e-07
7c92ca6634ccdc79935f.jpg,3.7950196e-07
7c993040bf9c5b61af65.jpg,0.0028402777
7cd1b7fa4998a78bc4d2.jpg,1.0845959e-07
7ce6d6b1b6d4b0f335aa.jpg,1.0018546e-06
7d0db66b2be4c5ab83bd.jpg,6.674447e-07
7d10f29f8873f5beaa99.jpg,1.593156e-05
7d1bb8cfd0ca3472c32e.jpg,1.820093e-05
7d2e382cae773f3f9e5d.jpg,6.7185636e-07
7d3286e4d68e7afa5580.jpg,2.4447154e-06
7d338dc8aa3c33edcff5.jpg,0.11922582
7d40fe5216afb012dc42.jpg,0.99306446
7d54eb344237dda4a1f0.jpg,1.3954141e-06
7d5d309598f1caf248e7.jpg,2.538876e-05
7d95039932e678b644d5.jpg,2.9143216e-06
7da0cd706bd20cd09db4.jpg,7.3790216e-06
7dc9c306c6a434c48c29.jpg,0.9999404
7dd8ea712ff08a2c16af.jpg,0.99999917
7e103d269cc1db2fcccd.jpg,0.270215
7e3100430009a8abb9b7.jpg,1.0
7e50700efdec40511108.jpg,0.20241313
7ee3cfdb1d325bcc7a1a.jpg,5.6219405e-06
7ef15724ae8e11fea46c.jpg,0.64357555
7f0a421e456cd1d87dbf.jpg,1.0965875e-05
7f163c8c44c7053a070c.jpg,0.37785932
7f1bd7250b8fadacbad5.jpg,0.9990938
7f42995cdde2d5ca1481.jpg,5.601447e-05
7f4b7626813416e989a8.jpg,0.99998176
7f4c00ab23019b686bae.jpg,0.99927264
7f59179db0380d3c8297.jpg,0.9789717
7f61742c84bb16f574b7.jpg,5.095781e-07
7f794f8fd0c16ed859f8.jpg,2.459293e-06
7f953606e22cdac71153.jpg,1.6126873e-05
7f9a9746632ab38e0bf3.jpg,0.9996735
7fa3b248295138d1a461.jpg,4.1728763e-05
7fab2d7ddf350c554e0c.jpg,2.8920645e-05
7fc191d0e0861777f287.jpg,0.9999995
7fe5d2f805431d7de985.jpg,2.2803935e-05
7fedb0509bbf43e8d20b.jpg,3.7354494e-07
80155e06088593f2a56d.jpg,4.95147e-07
803c444537450acea314.jpg,0.9124235
804516da81882cb57b3a.jpg,0.15284441
804994519e48c4d35d6c.jpg,0.00039708195
807b076acbaa7f7b18b6.jpg,0.99980277
807c9c833f116bbedb5f.jpg,0.9456805
808e0cfade162a919bf9.jpg,6.530794e-05
80beb595dcc4fe5fb135.jpg,2.5912093e-06
80bebeb6c64b15d58e1c.jpg,0.99999666
80d23e53ffdb6d224357.jpg,0.0036812571
80f7d3e45ccaa271342a.jpg,2.9199803e-06
8116ff89946cd87a1bd6.jpg,0.0008606098
814de03433e5c5ec9f80.jpg,4.075217e-06
815f6a2dcd02f899c478.jpg,3.4741035e-07
816044f900205b93f0ac.jpg,0.00033767696
8186e3a249106042773d.jpg,0.99999535
818b321446eb2b352a0c.jpg,0.9846773
81a7efe0ec2faa6e8cd1.jpg,0.99245596
81bf65e4186345328ee4.jpg,7.2593326e-07
81d54a060ac4a336672c.jpg,1.8589239e-05
81e326bb95c147b8dc7c.jpg,2.8892615e-07
821765a0502926698df0.jpg,1.0848418e-05
82461d71e41ee1221499.jpg,5.532401e-06
824d20c2427c8c727ddb.jpg,0.9997683
8271267d0f49d3ff5976.jpg,9.2442104e-05
8294e400b785a5f92ff4.jpg,0.99999905
8296aed370b7e8cae8a3.jpg,0.7168244
829c040a73bf0c7470cd.jpg,2.3308929e-05
82c4aac5a521afcacbd8.jpg,5.9271105e-07
82cbfc07460807959856.jpg,8.681093e-07
8301d1f60aed958d3029.jpg,2.7361028e-07
8307ee2f272fcb870396.jpg,0.99994886
83326f4b65eac1c61ef2.jpg,0.96765935
83466b9f8443dc04179d.jpg,1.09379904e-07
834dcbd7d58d1806cd2c.jpg,0.9999999
8371a1c496a207fcddbe.jpg,0.00038360964
83a4a439a0ff48f6fc8c.jpg,1.7311916e-06
83b9929b19b7b93a128d.jpg,3.678077e-06
83c7ca212c7396df329d.jpg,1.0594914e-05
83e6b20cdaa9d90ca867.jpg,4.5468814e-06
8402b3f0db489b73d3de.jpg,0.99989736
84102d317b02e8f07da1.jpg,3.7087773e-06
8441133aeb8fbc958590.jpg,2.7156075e-05
845b4b1bb6ea0bc075b5.jpg,0.9999076
84860fee334479fb9d21.jpg,4.5852794e-06
849487f4db7c2c42f684.jpg,0.99979466
84e61561533cac21d056.jpg,2.3299968e-08
84f4084065439e63d98c.jpg,0.97624093
84f4c566fcd2990bba9a.jpg,0.00051939295
852f90ef43cc5fc5bdb1.jpg,0.9979091
853ac22685341429c3c8.jpg,0.69801843
85964d8d70fa819f0402.jpg,2.7711708e-06
85a655c4a94da7593e42.jpg,0.93557054
85d3086642eac7845bcd.jpg,0.00087596744
85e23e1831f61f9496d0.jpg,6.5272127e-07
860a7027766cd54ee8da.jpg,8.006517e-07
860fa1ca6c8c9f173e0e.jpg,0.99864656
8617695605e622bec99b.jpg,0.9999989
8643dd7463f23079a707.jpg,1.848189e-05
8679df508e0eb1e293b0.jpg,0.99996734
8694d73d6df77d1b78fd.jpg,0.9818572
86ac21d78b510a7a3ddd.jpg,0.9999999
86baa8f027e391ece793.jpg,0.9999908
86c341f8cdb764eb76e0.jpg,2.8638075e-05
86c63ecdfc7d144c4a7e.jpg,0.31749788
86ee9394d0dca3da7c1a.jpg,5.328715e-06
87479efa902a9cf55108.jpg,0.998176
8785db3f69f2e9b50ec0.jpg,0.23736165
87b9d58736eeb3e04600.jpg,6.805819e-05
87c631e8ed79dd4742ca.jpg,0.99997556
87c68d5857753abe650f.jpg,0.9999826
880d1356ca8fac9194f7.jpg,0.99999917
8819f62a83b2c77673f2.jpg,0.016211981
881bbd53d3594f66e6e6.jpg,1.4092426e-05
8831e940295f592b6576.jpg,0.99995816
883d8d619723b5d7e0b4.jpg,0.99999285
8858855bd928c55f977e.jpg,0.16296305
886aa570ae1eb27ba33e.jpg,9.544832e-07
886ece90980b67a1fbd9.jpg,0.9988304
88a36246c19504debe4c.jpg,0.00014692724
88ca5f0db0f53ea1b929.jpg,3.0861786e-06
88f2b87e2a2147de09c1.jpg,0.7057971
88f756d0ee4fecfda49c.jpg,0.99999845
890fa9c27542cc837693.jpg,3.2109284e-07
89140785137938a551dc.jpg,0.11935085
892ff3eaf33589c99da9.jpg,0.9999238
893e58e059a1e3707b21.jpg,1.5441375e-07
895186a793e32e21804d.jpg,2.9034775e-06
89566374473b34054c4b.jpg,2.3599415e-07
8972bfde2dbfbe6c105a.jpg,0.0005521012
8982214e3a187559f1b4.jpg,0.9219361
898f828961f3a3f7f628.jpg,5.693902e-07
89abef574e8e4a2586a6.jpg,1.7243357e-05
89b08e3e412db96f98db.jpg,0.99999595
89c983b9ef4c77b03592.jpg,5.889163e-07
8a09d377c266d08a442c.jpg,0.0004456743
8a497b9773dfd5ded31b.jpg,1.0
8a4a5333c1092bc55a20.jpg,0.0005709346
8a5eab1ba92dd82ddd67.jpg,1.0
8a8035a581dfaecc2b6f.jpg,6.912201e-07
8a9ad2282ff6b9505f9a.jpg,2.1812439e-06
8ab81d8d2bffbba2655c.jpg,0.00012485737
8ac51c78390112686fe0.jpg,0.9988833
8aedb8a35ed49681cef2.jpg,7.3707365e-06
8b05a4ff1c1a4c0781b4.jpg,9.159675e-07
8b3c417ea7642d8c3e7c.jpg,0.9968611
8b3d98869f272df24f6f.jpg,4.4718868e-06
8b491d592549d574e796.jpg,0.00070636213
8b707b753e9ebb3b87c8.jpg,1.0869088e-05
8b8131c813f850a9ccce.jpg,0.99999833
8b880c44ffed010f410e.jpg,0.9986765
8ba70e431a4b77dac044.jpg,0.99999535
8baf06407627e8874f73.jpg,0.0018505931
8bee5c679e6a69c88c83.jpg,0.99999785
8c1d13cd0354c80a1159.jpg,0.999998
8c4d76647981b692a3c5.jpg,0.49536538
8c52f7a59a0acafaf51b.jpg,0.98944306
8c6a5b8acfe56c469ba4.jpg,4.6148775e-06
8c7e2f1e59cbb425b43d.jpg,0.037386406
8c7e8bc4f1c81a301599.jpg,0.99988234
8c7fea9f903c46876208.jpg,2.5246775e-06
8c87409e0cf1e421fcb8.jpg,0.95972204
8c8855763dbac9450ffb.jpg,6.0891443e-06
8c8dd078f0783822beea.jpg,3.0529388e-06
8ca43774a5fb0a8d0068.jpg,4.5875764e-05
8cb460f64d6d8acc2575.jpg,3.838393e-05
8cd323468e1ca15ca2b3.jpg,0.54844844
8d0a5face81b4c6d0628.jpg,0.9999999
8d214d5a2325f855e2a3.jpg,0.9996778
8d484a40c661d105eb0d.jpg,0.00010534354
8d574c0edb998933dd5d.jpg,0.9996711
8d8b8d789482b8bdb542.jpg,8.244726e-07
8d9a08f6d902733c2fa0.jpg,0.5134752
8dc9aa9c923a1dd14b08.jpg,0.94927955
8dce3c98b20074808e1b.jpg,0.53387725
8ddb58eb4c55b0d037c6.jpg,8.1959315e-06
8ddda9bb3bcf123ad906.jpg,0.9999999
8de388e82cc804e78fbb.jpg,0.99997544
8debe5bed5c65000816c.jpg,0.43855426
8df0ac09a5f72795b6fe.jpg,0.8524511
8e01cbfd9b5bef7e7874.jpg,0.015569301
8e2d6939fdb869ecf372.jpg,0.00014419605
8e7202e903709f2cf10f.jpg,8.96968e-06
8e75538b78a5ab393be8.jpg,0.82626325
8e78c4d0a862ac3558e1.jpg,3.7167547e-06
8e7ba6fb6bf6b3abff05.jpg,0.9983789
8e9a116a2761c026cc04.jpg,0.055464234
8eac7ec28ea39433adb4.jpg,0.99723595
8ec1e750c0d300f21a04.jpg,0.9999982
8ed1a79d1f153160985a.jpg,0.98355246
8f4ca7a8bd2a0c68b041.jpg,5.776656e-06
8f5b5cb4461fdce3daf3.jpg,0.88419276
8f5c60eeb6f319bb1187.jpg,0.13772221
8f635735ab79d004514d.jpg,0.8958284
8f6c1ff1a6141a726ce7.jpg,0.9999999
8f79a462addd6665d938.jpg,0.065476395
8f94e7825eb9e80397c0.jpg,6.0100837e-07
901e95d9a67d8e6457d4.jpg,0.99786985
9057dd9ca56ce94de110.jpg,3.2960209e-06
909478630f71be66ad84.jpg,3.6599556e-06
90c330160173f65fab67.jpg,1.9541234e-05
90c7e77a9a5b02b7c76f.jpg,0.9993067
910a457850f2561eb5e6.jpg,2.851959e-07
91176f29185e15a96fd3.jpg,0.99999976
911c1b70bc3bf7393f2c.jpg,3.3216247e-06
9131fe574a842185873d.jpg,2.3072275e-06
91474d214964c985ee0e.jpg,0.26203385
916a08c054ed4069fe1b.jpg,0.9999062
916a9f6b850ec36c13a3.jpg,0.0025453109
9171905b8220f78201e9.jpg,0.00056162116
917b1bbbcc16b367a0f3.jpg,3.5807923e-05
91a26446032a4393062f.jpg,0.9976757
91d1f17344ad573b6d4e.jpg,1.0728455e-05
922be3e87e9fa5394260.jpg,2.396214e-07
923070957cc3016e34da.jpg,2.7236556e-06
92404e7848b44ed94357.jpg,0.99999964
9254e3c40d1718ef7110.jpg,0.9999429
926022286be430b5f2c0.jpg,0.99999523
929dd7b1a6b8ebe8cdd0.jpg,1.2494436e-05
92acb5119d07e76dd2c4.jpg,0.9999989
92c6c5ad9e9fb5c01e81.jpg,3.7363577e-07
92ee88a69dd0849d634f.jpg,4.8030954e-05
931ab550719f41d4d94a.jpg,0.00024531054
9322a75c07c1988d9588.jpg,0.9516224
9337ca883aeff402cc95.jpg,1.5778264e-06
933a316843759359507d.jpg,0.9999999
934bb5c6a2f4fc916751.jpg,0.9961253
93524f760e348a1f10fe.jpg,0.9859546
93849bc68e72007b09a9.jpg,0.99999976
9391d514b84d4ad81bc5.jpg,0.9999975
93b4e5d7686db579c74f.jpg,4.151699e-06
93bd0a5655647cd1031a.jpg,0.9566551
93bd89625e286098b790.jpg,0.8677146
93c05f46c7642d9c6265.jpg,0.9999676
940699e63d78ce43ac98.jpg,3.0338794e-07
942dac57ba99f354bab7.jpg,0.0053769266
9437dec89f4405f899f4.jpg,4.7169688e-05
9455d4c0b1420fc095c6.jpg,0.9938677
946cab7ece2d947550f5.jpg,0.9916858
949368d52c139f5027f0.jpg,0.9837642
94974ae14e03bcc3d493.jpg,0.99916244
94c4d2a29deca8a673ad.jpg,1.9565327e-06
94cb6d9a8281e94d4d3f.jpg,3.9046195e-06
94d3c8c76dec51f6e416.jpg,1.0894719e-06
94dca87e657688282762.jpg,1.4512527e-05
94f0c2d9b09d08ac9d24.jpg,0.9978364
94fb0384728039615915.jpg,1.785984e-07
94fb1d8f873d595e50cc.jpg,4.3698337e-06
9511cab15610c2d61233.jpg,7.536658e-08
951dff4aad53d4ea4055.jpg,1.81272e-06
9545adcfb00e47881c9c.jpg,0.0005910049
9550374631ca52efb443.jpg,0.0033033201
95520c62fb1203164ed7.jpg,2.098387e-07
956356aa7a633e2131d0.jpg,8.0402e-06
956868a9ca6ed0a09885.jpg,0.99841845
95845d2f65b23430728c.jpg,1.2043056e-06
95950e8c04e973ca5f9e.jpg,2.2487527e-06
95af7257be8519a3519a.jpg,1.7701949e-06
95b3dc9bf16de83c561d.jpg,1.2977837e-05
95d30c725ed0e85c568b.jpg,0.00013074947
95d334be55a6f45263e9.jpg,8.636719e-06
95f9e1a4594b915df30d.jpg,6.051868e-07
95fe43bc1e5f83e3f3a7.jpg,2.4826746e-05
961c56f4a46a9fcf9af5.jpg,9.223903e-07
96e63170a09c8e901018.jpg,4.5191433e-07
97154a10274d7b9d5fc4.jpg,1.5000119e-06
97276d4d186b7c839480.jpg,0.98422027
97278871c62cc53a009f.jpg,0.99999964
973f9bf0a1f3eaf32a87.jpg,0.14754805
9769d50cba2ea0450118.jpg,1.8196101e-06
977a1b5c90879496f170.jpg,0.80813587
9780efbc4d0b0953a905.jpg,3.0992363e-05
9785ac840f8d4bca2865.jpg,2.3730054e-05
97866622b3e963a902e2.jpg,0.28890833
978fe68b14e0cddf8fca.jpg,8.331478e-05
979e923f63eb34b60783.jpg,1.5133863e-06
97d98ef93117fc4946e4.jpg,0.99999976
97e955d5a000bdaf4582.jpg,1.6212899e-06
97fa7f336dcc9cb91052.jpg,2.9502778e-06
9833f091b798059feb59.jpg,0.0006417564
984338b988a0c5bc5722.jpg,0.37471396
98463d3cc177133b1e1e.jpg,7.1175514e-06
98532956b9ee9ffe9ce8.jpg,4.1228546e-07
9890bf4d40df3d51aa95.jpg,0.9963175
98a8bc5c6fa43e753c3f.jpg,0.9240573
98bf99d7bfc6758fce63.jpg,0.99760216
98d5d36009c8d4c2de2c.jpg,0.9999863
98ea337287f18f8e8673.jpg,1.0
98ea6eeb4b5ffc2d376d.jpg,0.99222445
993db11eee653c9a7e82.jpg,0.00033679802
9945cebb0c4ca08986ee.jpg,0.8968129
9951f30fb4f23bc08b02.jpg,0.9997049
9979e73f1ce840eec53a.jpg,1.1989209e-05
998028717867187974c4.jpg,0.99936336
99aee08fbcdc57b3a304.jpg,0.047777377
99df8daba91b94d3b1c1.jpg,4.183954e-05
99e958d5466e0f34dd53.jpg,0.00036885275
99eecc6680a1e91f1f46.jpg,3.4973975e-06
9a11e1432b648caf1541.jpg,6.781727e-07
9a2ec337346c05534b04.jpg,1.4022098e-05
9a368497e59c9e9dcd15.jpg,0.90558094
9a4f843bfb4ed1afd61b.jpg,5.676342e-06
9a57a8c4e0b3b3ea96cb.jpg,0.9985114
9a5e619bec2b1ada3510.jpg,1.9843208e-06
9a690ec57233dbfd2d8f.jpg,1.199528e-06
9a8f909da3a574a02e7e.jpg,0.99999964
9aa069d281b9f224f925.jpg,0.00078536244
9ab84b3d321e2d67f6c2.jpg,0.07361956
9ac1499c81513b16b123.jpg,2.9283908e-06
9af5c99e81cb0cc9f813.jpg,0.9995029
9b1a5fcbffbf4c8cc291.jpg,7.447386e-06
9b37d9d3dff1202f4938.jpg,7.804618e-05
9b52523634b884c6e7f9.jpg,0.90242344
9b94f09c488a3162d4c1.jpg,0.99729186
9bda004c21b028969818.jpg,2.8237451e-07
9c21504c03569cb601cd.jpg,0.37364143
9c2dc4a972837d9dfb4d.jpg,0.9776618
9c5452dff4741ead1000.jpg,0.0009667299
9c570c91a69eca822c34.jpg,0.0006178528
9ca901515a016a430438.jpg,0.36406875
9ca9e714638c7db80ffe.jpg,3.3414312e-06
9cf219ef46a07224ef42.jpg,1.0
9d0e9ca7097982afeeb4.jpg,0.18267795
9d472dfc4e29fe4d04aa.jpg,0.9923414
9dad60269be8ae0e3e22.jpg,0.0006918661
9dd0670d7715ad89f141.jpg,0.9999994
9dd63205bcb2b42f3367.jpg,1.015822e-06
9dfffca345b85efeba34.jpg,0.0010032763
9e1da5d23d6e807f0a9c.jpg,0.015123809
9e41c91915dbdbc76ec2.jpg,0.9988035
9e7d90042bb242242fcc.jpg,1.1382307e-05
9e80767b070aedc81f88.jpg,0.0007510666
9ea3bfcca0b1466ff74f.jpg,2.6646618e-05
9eb2ef3854236488cef7.jpg,1.9983206e-06
9ed02be5a9a516eecac3.jpg,0.99871683
9f026daf138771192f7f.jpg,0.0006126262
9f133274c4aefe09bdf7.jpg,0.058557313
9f26434b1a3bd6dc34a9.jpg,0.0006748471
9f457089b42e9dacb928.jpg,0.23921886
9f53136069272631bbce.jpg,0.999997
9f5f08dbfe8e13e89ff4.jpg,1.0
9fd6dced3d156e2a0c6d.jpg,9.145028e-06
9fdc3f9ee1ddc1b38370.jpg,7.3610913e-06
9fe6ba4ca7ca49cc2445.jpg,0.00018962448
9ffece667ad43c1ad5e6.jpg,0.09916514
a020fb1dd55580635041.jpg,0.027161624
a022ed19e9d81e413d52.jpg,0.95062244
a033a30e7637244f10b7.jpg,0.9995894
a05099202725d50df087.jpg,3.322875e-07
a0642cdf11f9b588ca8e.jpg,0.0047791577
a06a9378ad3b01c67e29.jpg,6.9891985e-06
a06ebf8954163567cdca.jpg,0.11222329
a07dc344bd0b9b1311e3.jpg,1.4854217e-07
a083693df037255547db.jpg,8.7513666e-07
a08cd9ea51178f8d2c45.jpg,8.544455e-08
a0912d1814c9f20ad922.jpg,1.818198e-06
a092a914e9e2193effb2.jpg,1.0224553e-06
a0aa9564f6e54b5c75c8.jpg,3.3560505e-07
a0da3fe15b7c64bb02da.jpg,2.0849277e-06
a10f9550836b590563c3.jpg,0.9999933
a12a3568d0f79bf63ee2.jpg,1.3968445e-05
a15104ae7b715bd80515.jpg,2.3554273e-06
a17de4bd94dbc8494c34.jpg,0.9994553
a19181267e562dea1c77.jpg,1.2010531e-05
a1b11cc48e9bb180670b.jpg,0.99999917
a1dde0acf011bb980589.jpg,0.9998141
a1f254db5dab294ab74c.jpg,0.024090454
a24b02d6b164cea59139.jpg,0.8102262
a26f2f730a1ab418717d.jpg,3.401915e-07
a294d846d95bb091305d.jpg,1.0
a2b4b99223931347c5ca.jpg,0.005769621
a2bf8b41cb6edbea0750.jpg,1.0
a2dbe56004176418d54a.jpg,0.061340526
a2f47fbf073e04d74338.jpg,1.9789864e-07
a30d97778456875bd321.jpg,0.08111168
a3251915aa5f9469d1a6.jpg,0.9999999
a33214270d395dcb2962.jpg,2.1132007e-06
a34552582e2f5e2b50d3.jpg,0.999998
a355fee5c86b3cdb8b4d.jpg,2.7261743e-07
a3bf0f521671fcc4a804.jpg,2.7601275e-06
a3cf4968bc16d423c290.jpg,0.00030949878
a3d6054657fc0fe954bb.jpg,2.6659278e-05
a3e26511862db11d03d7.jpg,2.1565525e-07
a42bec526f9176254910.jpg,0.99996316
a4494ebf49b565c94fc6.jpg,0.9999838
a44c9b32c466080414c5.jpg,0.99999976
a44edaf70499c98a7b44.jpg,2.5399715e-06
a4519b099acb9805f817.jpg,0.98806864
a48a1bb49d0d0231fcd1.jpg,0.99999905
a48a6902f46b998477be.jpg,0.56281924
a48ae62af18e02bf02f9.jpg,0.0002320888
a49cf7bb4a6f0bfddaaf.jpg,6.667589e-07
a4aa08c695deb73a0636.jpg,1.0
a4ab2937581b77129038.jpg,0.98564976
a4da1f9b1c45c88f656a.jpg,0.999998
a4e96d4260208a11a2da.jpg,0.9999999
a53cf3658c4572ca8c45.jpg,0.0013478628
a564c914228faaa7354d.jpg,0.0006998205
a5660bec0145ece27566.jpg,0.0012336153
a577bd16e64daf1b623d.jpg,1.6671335e-06
a594880097d9eb70dff9.jpg,0.9999913
a5bdabce245535c0e0d6.jpg,0.9999995
a5c2999bd1ad614e47a6.jpg,6.479321e-07
a5c638c2c2f33b9cf360.jpg,1.0948422e-06
a6209e08884c6c3d8724.jpg,0.017182635
a6b2f00056021e1af1a6.jpg,0.99999774
a6c3dc34379c2add2353.jpg,5.956673e-06
a6cf00d32320b06d4ab1.jpg,4.2466832e-05
a6cff9dec77b9f0070fb.jpg,1.499863e-06
a708c5bb73a587f73eb8.jpg,0.03177112
a710a13d7fbbfb173e3c.jpg,6.321566e-07
a73aa016ff428176c67c.jpg,3.5170442e-06
a73dc3ddc0307d8c8c3b.jpg,0.020992642
a748c9bce7b1d4103839.jpg,0.99997723
a78163824161c77326d2.jpg,0.37070355
a787ec3eb3b8203cdde2.jpg,0.8434199
a79651f030d517049f32.jpg,2.627062e-07
a7a2d5d96d677cc93372.jpg,6.700893e-05
a7a98332877ab8b99155.jpg,0.3170261
a7a9f39f19b28a29e688.jpg,8.301135e-06
a7ddb582d9f0321e8f2f.jpg,3.0946878e-05
a7f064bf01550703be5a.jpg,0.9304722
a80394a6f8cbd710c498.jpg,0.9414193
a8098e14ca7c521a16d1.jpg,0.0009500088
a811112087b8c99bec78.jpg,2.0778414e-06
a82faf4c12fc35c2cc5d.jpg,2.5068556e-07
a8306cfa9938d693dd22.jpg,0.5626565
a84e66e541032186c923.jpg,5.8907073e-05
a862f90a686859f7f19d.jpg,2.272935e-06
a871699799d5370fdf6b.jpg,0.06916513
a87d4224e56bd744563c.jpg,1.4980218e-06
a87fb42a06a6bec53487.jpg,2.3554273e-06
a8a3dbedc3f02f341554.jpg,0.99961203
a8b0f43fd003a05e4459.jpg,0.9990095
a8cc3b66dffdeed6a295.jpg,0.0006877063
a96993b15848a9147388.jpg,3.9845227e-07
a9b200ec65d8cd8cfe20.jpg,0.008151213
a9e267fadef7c2d38305.jpg,0.9979699
a9f9facc57a1e49274d1.jpg,8.597795e-07
aa006b117c446acfdd25.jpg,0.025429165
aa237430baa50fa955cf.jpg,1.7357461e-06
aa25966cf190247e6fa3.jpg,0.9999975
aa40b7d5e7bfa215169d.jpg,6.927815e-07
aa4606d7a0974c076d9f.jpg,1.0
aa56022d657bfec93b45.jpg,0.99974746
aa6448203f758ff9b658.jpg,3.5019852e-08
aa8821584929d0bef6b4.jpg,0.770314
aaa59eccee528dbf7766.jpg,0.06466459
aab787c0ff8da2215ef2.jpg,1.3769958e-05
aabc3b8badd51b6b66d0.jpg,0.9895
aac1a68e05e95b089226.jpg,0.6022263
aacf812d2c756d51839e.jpg,0.0034244447
aae4592f7f26d13e8f7e.jpg,8.0857135e-06
ab103498fe70934c4185.jpg,0.99999845
ab1f7217090ca74f1e48.jpg,2.147474e-06
ab3fccf41689422edf2f.jpg,0.99322116
ab5e39e9e3ba9d08d626.jpg,2.8025852e-06
ab6d120cc368846fa152.jpg,0.9986004
ab7188ba9fda6c4ccbe8.jpg,0.9799385
ab80f418b46593861aef.jpg,0.99999607
ab9db2f7bca62d6fa318.jpg,2.0698313e-05
abfd71d1f358c8e08f24.jpg,0.007981404
ac2c7b94fd51c411fa75.jpg,0.00013562498
ac4d9f88b39442e0eb24.jpg,0.647204
ac574f9d5d80b777929f.jpg,0.00010191895
ac5980e75031f82270b0.jpg,0.99999845
ac8d8728af9b43a374ad.jpg,2.5518955e-06
ac9190f9b9a8b341b7f7.jpg,2.8674552e-07
ac93e1edb34bb718cca1.jpg,0.98835164
ac99cfa287225c48dc51.jpg,1.1673777e-06
acb55208ad149e22e365.jpg,0.012543428
accec26d7971d01168e2.jpg,0.0056229127
acde96666d1df82031f1.jpg,9.3165245e-06
ace405762ef44b46ec33.jpg,0.00087458355
acf5af46c3e5ccd1fba5.jpg,0.13053441
acf9dd3f868f95a52ecb.jpg,0.9999982
ad180e947475ebeb4f77.jpg,0.99991
ad31ee0cbd8769f2c3ed.jpg,0.9999752
ad4e6bc2683b00eeebdc.jpg,0.9998895
ad4f129172f0fbd47ec3.jpg,0.9938399
ad6c2681bfd1b7aa4149.jpg,0.9999913
ad6f49b20c3bbd9badfc.jpg,0.99629956
ad76032b06f2e6701d7c.jpg,9.0759124e-07
ad7d2149ebbd8be30579.jpg,1.8141875e-05
ad8179b093f30fb5379a.jpg,6.1947976e-06
ada55b14ca6757250314.jpg,0.9999999
ada82d78ff9fa0bec5f3.jpg,1.9672409e-07
adb8610704494ade67c0.jpg,0.32536066
adc90a11da6e478ee5a8.jpg,2.060229e-06
add24d96c303fdbb49a6.jpg,0.00013343756
ade685be52dd1f1ca721.jpg,0.00094705494
ae19b4407c00cbc2f7d4.jpg,0.011477596
ae2415824d32028d369a.jpg,0.73083615
ae269555939d4dda2e58.jpg,1.0
ae287aac5bb3e6566565.jpg,8.0758645e-07
ae35d90887eb4e2f8ea8.jpg,0.0064403657
ae5ccd4a37532aa73a75.jpg,6.7611663e-06
aea7155cf6dcbd7aeea3.jpg,9.5782816e-08
aebfe84632cfa1a14b77.jpg,8.6263606e-07
aec52fbfcea8d1dce6c4.jpg,1.9854743e-07
aecab6f82513523d3f2c.jpg,0.9917264
aecbbefd3ea4a94d6c63.jpg,0.99999964
aece2a9a2745f15c2a01.jpg,1.3310514e-06
aee8a47814f7f753e0ed.jpg,6.4722684e-07
af56709b89ff0cbff94b.jpg,5.327484e-07
af5816e4c3925967c0ca.jpg,8.085838e-05
af61a102d160c959754d.jpg,0.20390566
af6867031f4de8244635.jpg,1.21154335e-05
af89a9588721711aff5d.jpg,0.3985625
af8fce370e4952baf808.jpg,5.322593e-07
af95ff58082e741f3773.jpg,0.9999727
afa5fa2d9534bf776d31.jpg,0.9999968
afce1cc09dc16a67c64e.jpg,1.1094711e-06
afd4f753d60a36556c60.jpg,0.04250236
afdf5b0ababf7ad585cd.jpg,0.94214463
aff96e542939a96c0897.jpg,5.7326444e-05
b0050bbbf0b94f9e1827.jpg,0.99999416
b01df9f7b7b7e257131c.jpg,0.0023575444
b01f52ab2f4a1aebc67f.jpg,1.6547688e-06
b0774fdc542763603a38.jpg,0.99999976
b0852d8260716a00af8b.jpg,0.9999938
b09eedbb4a976494bf6d.jpg,0.9999398
b0ad653bbab883be820e.jpg,0.9999939
b0df6226afcb95415903.jpg,7.686532e-06
b0e62f96f9ac457ee0a7.jpg,6.7512697e-06
b0fa79ac7bba20f4db9a.jpg,0.0012815989
b10effb8cd4855ee4119.jpg,0.9999877
b12391d3d7c16260f509.jpg,8.6735046e-05
b127daee5f6e9f7803e0.jpg,0.9554267
b1291ec69f9fb45be46b.jpg,0.20006195
b15e8b2864868f3133cd.jpg,0.022916459
b17c070c565eb28dc178.jpg,0.98637146
b1bf4e8cc2de52202aad.jpg,0.59239525
b1d1062697dd6fff2c6d.jpg,0.9999999
b1ee3c3602a2e7855ae9.jpg,5.7955986e-05
b205b10cca02c3beda05.jpg,5.671775e-06
b241a6c2fc27da4a9504.jpg,0.00087135646
b256197972e1433c9889.jpg,1.3371648e-05
b26cb532b74300f80b0c.jpg,0.86974925
b2743f85b0d5561545b2.jpg,0.99999976
b27b14f6c599c744d247.jpg,0.00040851234
b29f7f47323a521fa170.jpg,0.9996598
b2b6da7af497ffa87c32.jpg,0.06610021
b2b8f2d1db700e2fe19a.jpg,6.986773e-07
b2d513e1d662888ee2bd.jpg,0.8335679
b2d7b8b96f18dfa49dee.jpg,5.126412e-07
b317d658a3b7a6b8281a.jpg,4.6291684e-06
b35353425a9fea81aca4.jpg,2.3476969e-06
b3812a2a4b941e647a60.jpg,0.00018297814
b3855bd264fa4a7f3805.jpg,0.9998858
b3916244b4705751ecf8.jpg,2.223211e-06
b39d9e58b190db305146.jpg,0.9999999
b39e9a7a754834ebcf9a.jpg,0.61517817
b3e6c155d28f233d013b.jpg,1.2716465e-05
b3e7a48adabaf620e966.jpg,0.9731482
b4186d5c23e335324ed0.jpg,0.9997576
b41d450c1b613a1c905d.jpg,4.983954e-06
b425d59e20ecfb870030.jpg,0.00010823941
b44c3f395aad2b075134.jpg,5.7729114e-05
b451b4fba01d07e1ceea.jpg,0.0007206869
b46e5f7c23cb814de07a.jpg,0.030847667
b479e3abe3782f416ac1.jpg,2.5457846e-06
b4817d29d496d5bf37cb.jpg,0.00020207067
b48f0cdd20cf8d811f61.jpg,0.2737185
b4a22cd08c6eb6f7caf3.jpg,0.00040114383
b4bf6a6b957c72275166.jpg,0.99996424
b4e7789afe02cad92d18.jpg,0.99950886
b4f1ee7ca889b6547972.jpg,1.4053677e-06
b51f021c0d85a4fc5ccc.jpg,9.4260855e-07
b53b1e87c159cd4e3fd1.jpg,0.99884975
b53bcaa63e2c34e0aefc.jpg,0.9998361
b53e338cdef2710a0cb0.jpg,0.88880205
b561e8b59a1a791527f4.jpg,8.299552e-06
b593a29ee7917d35853e.jpg,4.313873e-06
b5e9e08f90af9e035018.jpg,0.99936086
b5eda004a9da1146d111.jpg,0.9989837
b5fc29296c807432f5bc.jpg,0.9963102
b602d3912d7888ff8d1d.jpg,0.9995259
b6035c5068c12ff87554.jpg,7.19339e-05
b60c10ad70c19d55acef.jpg,4.71633e-05
b61612abf1ae6d2cac62.jpg,0.011973823
b661de35ef862810e6e6.jpg,1.4903114e-06
b694821bc59e2308991a.jpg,7.921764e-06
b6ab1a8685a85de19d83.jpg,8.898629e-07
b6ea601626edd809af13.jpg,1.4883222e-05
b723aa07454c9f7653ce.jpg,0.0012578215
b74da461e06417f8d617.jpg,1.1931241e-06
b77564001699724efc6d.jpg,4.303352e-07
b7a93137f9e44e5213f2.jpg,2.2918852e-05
b7bc374f1a536c7de629.jpg,0.9217899
b7d382a40f3599707e5e.jpg,4.1362905e-06
b7d8214d252d2fafa8e8.jpg,1.4009624e-06
b80b31591a43c3e38702.jpg,0.99999964
b817e1b446ee2c888469.jpg,0.15459083
b81b664c65f1701602a9.jpg,1.9889374e-05
b81f2e2e541427c8ca77.jpg,4.5451775e-06
b829067362ecf7d1dbb6.jpg,2.0259104e-06
b8369495570d3234e699.jpg,0.98917425
b8372778d123f016be1d.jpg,0.99973565
b86313b753ea6ce40d57.jpg,0.99999964
b871128c66f75b94ca9a.jpg,0.0007536412
b87f38bc42a578b77027.jpg,1.0
b8d3fa7bd93215735968.jpg,4.962545e-06
b8d68a918ea3a4986dbf.jpg,0.00027410113
b908b49cbe37193fbb78.jpg,6.837043e-06
b936dde4febb0efea0c8.jpg,5.810774e-07
b958996551d57c71bcdb.jpg,0.9780166
b97b8f0540914048a456.jpg,1.0832239e-05
b99636719098673e40d9.jpg,1.5720978e-07
b99dcd3111de45d9aaab.jpg,9.929921e-07
b99f47ad527f9e155956.jpg,5.7679194e-06
b9cc8ab873661367b76c.jpg,0.00060519116
ba25e10cd7d054df2a78.jpg,0.07772858
ba308e9061d53607c4ac.jpg,5.2781917e-07
ba4293f995ec6423a93c.jpg,0.9999937
ba7f34ff67348688f86a.jpg,0.9999261
ba9be555503191f067ed.jpg,0.99974173
baaa12c4d6d5b10e31c1.jpg,4.6575464e-05
baac91ecfef7604cedee.jpg,1.9738832e-06
bab3bdc42a488d6caffd.jpg,0.9999918
bab76f300fc6a9ab3d06.jpg,0.85861063
bac982d649e7b349a67b.jpg,2.003472e-05
bb07fb237e9951ffd743.jpg,0.9923562
bb2ed1719f0f0d565933.jpg,1.8988158e-06
bb3175987d0bc9a46b0a.jpg,0.99882513
bb33cf51fabd45d8cce8.jpg,3.7451805e-06
bb35c60e9d80d09bc375.jpg,0.9557123
bb3c56f1216d2fc53a81.jpg,0.99998724
bb40faa69d38586d0376.jpg,0.27641222
bb433bba0b377c41a674.jpg,0.00040177183
bb5afa3cffd039feb968.jpg,0.9999764
bb61d50599b908a7b50d.jpg,1.1487167e-05
bb7c15b228958a747fbc.jpg,0.010996916
bb83bce86db4ee7fc65e.jpg,0.9999995
bbcd1525a48c5f6e76cd.jpg,0.999778
bc1ee412a0881c971a66.jpg,4.7924607e-07
bc2a7f68df8fa7637e33.jpg,9.84612e-06
bc4a6491e39c0ef82ea8.jpg,1.5001849e-06
bc4ebdb7646ec42c64bc.jpg,6.912282e-05
bca79c85878d2fdaa86d.jpg,0.95692647
bcabbb024db8254b7b61.jpg,0.90986633
bcbdc26ea9d1278263d3.jpg,1.0
bd42ed9ed12f090e615d.jpg,9.945144e-08
bd46b9eeea442989addb.jpg,2.4040428e-06
bdb83884a80803d973ed.jpg,5.3615026e-06
bdc78695063f0799406e.jpg,6.332997e-05
bdd8ee013389fca106fc.jpg,0.2664124
bde0ae0d0d580ec65f93.jpg,4.084936e-05
be3d61a1ff444ced5007.jpg,1.5449581e-06
be5d729a2cea1974fa32.jpg,0.9990331
be74ee7a3c2461933247.jpg,0.9994825
be8197fdf2eb5a0de578.jpg,0.0037186036
be92cd1fc43616c262bb.jpg,0.04075396
bedbbfac0a21547eeeaa.jpg,0.99999774
bee4e7ecdf5afbaaba74.jpg,0.995317
befe8ff7bc325a781021.jpg,5.103149e-07
bf06a8c2a78d5e05877c.jpg,7.6765724e-07
bf4af59f1a0a64628725.jpg,0.765527
bf7703ad318802258ec2.jpg,2.434682e-05
bf867636f15134d6a2e9.jpg,4.1403036e-06
bf9e725e7ff21a9a037b.jpg,1.0
bfa748d410d9960dac57.jpg,0.99939406
bfc65757e58d241bac7f.jpg,4.4162516e-07
bfc6a80b514eef2fe52b.jpg,2.0646054e-05
bfe017d60a0404098ecc.jpg,0.999902
bff07897d7d361b4392c.jpg,0.7694113
bff99d8eadf80a756882.jpg,0.123324566
bff9f9d57554bc0f6da9.jpg,0.99999714
c0000dbfbc8d761c129f.jpg,0.9998739
c00beb401b2238312496.jpg,5.1454485e-06
c03d665011cc669a82fd.jpg,0.9999962
c08cc0c33b10d5cb13b7.jpg,1.0
c0f216c51bb4203e434a.jpg,0.19513138
c0ffcd0e81cc9d989889.jpg,0.0044813384
c103faf18efe9a788a6d.jpg,8.570277e-06
c124b1d21c0e1a01619f.jpg,0.022367842
c12a4a8d460ffb46cf09.jpg,6.507513e-05
c1385c8b3f22ad21713d.jpg,2.0567425e-06
c14280206ecd296e7422.jpg,2.0494575e-07
c14a61131620ba58dee4.jpg,0.028616237
c14f3d937256c2cfebcb.jpg,0.0001510549
c1607091716f12928d12.jpg,0.9999957
c17296bdc22bf4fd076d.jpg,0.99998474
c1877881e2513388b2d7.jpg,0.9998215
c189d2b7356d3bbf9479.jpg,0.9545386
c18a8cb328abee87940d.jpg,3.031016e-06
c1a98b22d630d8800347.jpg,0.048800267
c1d5abec1907a468c3a9.jpg,0.9703114
c1d94da451c5e35bef1c.jpg,0.99999917
c1dc79fe4290824e1a4e.jpg,9.895834e-05
c207b8901244678b49bf.jpg,0.9314462
c21cd6dcfe0b836805f1.jpg,0.00071627233
c232be337fccff13fd54.jpg,0.99998844
c23effe2b7b425a48f4e.jpg,0.00018075247
c24c5abb18bb4665ad8a.jpg,0.9999933
c26a4c324db097e87ec1.jpg,2.5260664e-05
c273ddb81f595394a98a.jpg,1.1675892e-06
c2903235d13a935ac479.jpg,0.99994934
c2e8cecba86dbd17fc87.jpg,0.9990477
c2ec35cdc240611acf12.jpg,1.2356862e-05
c2f8a0cffe1e0c6e7d11.jpg,0.0023737024
c351db123072d3203565.jpg,6.138488e-06
c35fa0e1ad423a5bc5f6.jpg,0.36532226
c39bb24c3b240b227181.jpg,0.9904021
c39c9e78888ac0e0713b.jpg,0.9999187
c3a7461e9ffefddff6dc.jpg,1.7657268e-05
c3b81c9cbdad0a2fddb4.jpg,1.994423e-05
c3b90e497213248864d7.jpg,1.3495995e-06
c3cb0949ed2e9b95f565.jpg,0.9961184
c3d37d64816b429fce40.jpg,0.000509417
c3f1efed7d721a4a0bee.jpg,1.0
c3f93fdc62b93ce8f3ed.jpg,2.1991968e-06
c406fa5b8057aa0f722c.jpg,0.0007612732
c407739ac608150617b0.jpg,0.8268581
c42ddfe37c257426069c.jpg,0.9999881
c42eea7e633e2cc9bc30.jpg,1.4145396e-05
c43ac1f8a51b79e3c8ae.jpg,2.6671476e-06
c43b4b60b244e2c860ba.jpg,1.1208643e-06
c45f8b55028db9656aaf.jpg,0.9999962
c46ce095fc808aa2f6b3.jpg,1.899717e-05
c4d1f436cdead4352fdc.jpg,0.9999982
c4de0471dad973294892.jpg,0.00065222604
c4fb11a5810b790a7e7e.jpg,0.9976649
c52724743428a993f962.jpg,2.9798894e-06
c533f4b90add871e25a1.jpg,0.98264736
c53726ec40bed8c82246.jpg,0.99999464
c54795248e56ed917a22.jpg,3.3947795e-06
c54c7a346098e605bba9.jpg,4.028158e-06
c55130d5f4d622d6c6ad.jpg,3.5212622e-07
c551cd59025b00c0ed9d.jpg,2.423069e-06
c573e4a687474fe566bc.jpg,0.42825413
c58b3bf64030bbcad8c7.jpg,0.00024588985
c592b6a2c23caea92e05.jpg,9.983332e-06
c59c8e5bd838a5faf952.jpg,3.258835e-07
c5aad88440a9ae39e6d7.jpg,0.99403054
c5b2a5b47068b9cc4e5f.jpg,0.5588592
c61eb7be283ca3ed16a9.jpg,5.2274892e-05
c66c9744db8221ad84e2.jpg,5.450232e-07
c67804d36ce57fdc4a9f.jpg,0.9998
c6a645545e74126da4e5.jpg,0.99999523
c6ad34c30b9d624d63fb.jpg,0.40426722
c6c973ab29e22708e49e.jpg,0.0935174
c704534ca67b9559ea5f.jpg,0.76293814
c709b9fa2e3a70b873c0.jpg,0.99999976
c7235cebf7b0924a4382.jpg,5.7143285e-07
c74f4a6ea068913c471d.jpg,6.191834e-07
c75c4d63042109fcda8f.jpg,0.99907243
c76eacdc95fe3880a82c.jpg,0.7173668
c777b5c3f8901da5d7e9.jpg,0.010683159
c778fbb05a698d597a18.jpg,0.023147166
c789de08581d889ab9b7.jpg,1.0
c7a60ca83f0761f21387.jpg,2.6499134e-05
c7ac7a688579333e3b8f.jpg,1.6945241e-06
c7ca5b2595937b9ffcbd.jpg,0.9999571
c82bddc0e2847d66382f.jpg,3.6979447e-08
c83f186b0f5c7687582a.jpg,0.991928
c843d5e0f38b68a6fcea.jpg,1.8860074e-08
c84b04a416ed3b575c94.jpg,0.00018019578
c88af9bdd092a1ea93cf.jpg,9.3031185e-06
c88e645a9f8c6c95a923.jpg,0.08580476
c8a2b007c4f732fecce4.jpg,3.0597914e-06
c8ba6005270aa716688d.jpg,8.579521e-05
c8c9d7daed04add44baa.jpg,7.720853e-06
c8fa03900fcce524e329.jpg,7.222664e-07
c90452acc01ff3abd238.jpg,0.99999356
c914c3a8740e14382d6e.jpg,0.9980221
c9167aa6ec4bc88fdd3d.jpg,0.9999999
c91ae8e719572e3985ca.jpg,2.5179688e-06
c94f138a31464f44dcff.jpg,0.0011090123
c9597d0cbbeb86f21e1c.jpg,1.0215537e-05
c96d17c2aa50170d054e.jpg,0.0055899173
c974fd1fdfa4e14d421e.jpg,0.9844332
c97824baacbba5c1e182.jpg,1.5165595e-05
c99a55d349d68e15eb3f.jpg,0.9007065
c9a0b0e4f616fd691969.jpg,0.0021592171
c9a365997b28fd917384.jpg,6.48685e-05
c9b43b80cef272073da5.jpg,1.0775352e-06
c9cd5a11a953a7c97127.jpg,2.774016e-07
ca0bd6e6311b8e3475c9.jpg,0.99999213
ca1bc3612a1d10a27349.jpg,0.99989736
ca254ce4360c63a21fca.jpg,0.9999999
ca55c548c01930382e99.jpg,1.5921589e-06
ca5b9029d530f0c756da.jpg,0.001662894
ca91076ba4079d022600.jpg,4.1163305e-05
ca9da22b18be79c2a12f.jpg,0.99999547
cac70c70df41af5533e6.jpg,0.9995722
cad5fa982fac168fab12.jpg,6.4199105e-07
cae661282b8c91d20063.jpg,0.99967015
cae9bbaa0d1a5e2f96b2.jpg,0.9999815
cb6d8312f0c03aafde18.jpg,5.6220335e-05
cb81c46815f31ad5da22.jpg,1.089102e-06
cb9ae81ca0f629314070.jpg,0.99472976
cba5326b5a11348f2c22.jpg,0.9995135
cbd35a8a4ae9be531bdb.jpg,0.5354158
cbd46b83a2ed4aa5679a.jpg,0.99852186
cbd9bf06ba9c167db147.jpg,0.0001219645
cbdd902e330474808931.jpg,0.00014009234
cbee1fb75ba7923c562f.jpg,2.004201e-08
cbf68aeecea9d758368a.jpg,1.3378382e-05
cbf918d20639bd5d2b0a.jpg,1.8156562e-07
cc0a512e935976ca3182.jpg,3.0686e-07
cc0c1c205dfa95473aa4.jpg,1.0302898e-06
cc3accaef0863bdb22f2.jpg,2.068399e-06
cc4005898611f47b8c24.jpg,0.00029196765
cc9d7f04d8786d96a252.jpg,8.217548e-06
ccaff89ba9e30bc29983.jpg,0.9986533
ccc57c0ca3d057386a6d.jpg,0.0002686362
ccca00a516354775697e.jpg,1.21981075e-05
ccd959b32f7ed8c83a03.jpg,0.999998
ccfb179f54a993ef4a76.jpg,0.99999905
cd011eb946cd338d49f3.jpg,0.99999785
cd4f9d9d90fbc15c789d.jpg,5.602921e-07
cd5ae390b8d94071e8da.jpg,6.0056077e-06
cd5ecb63a1b06bffbf2d.jpg,6.9431935e-06
cd631a54f9e138b6754c.jpg,6.8891804e-06
cd9018a1251e9c679432.jpg,4.7816957e-07
cdedd7ddbf18e5367f22.jpg,2.5652384e-05
cdf09982287d24fc7c32.jpg,0.0002160256
cdf772a074ee110e6ed5.jpg,2.2038787e-06
ce06fafcdaef7a474d1a.jpg,5.12619e-06
ce1635c76d4b658f7501.jpg,0.9793945
ce2d579780321db51e41.jpg,7.2660856e-07
ce34bd913fb543a0d806.jpg,2.6643127e-07
ce98fb52f0f156b760c5.jpg,0.99999774
ce9ba7afdc1cf55ab1a9.jpg,3.7048924e-06
ced5ef0caaf6d696e384.jpg,0.9705356
ceef01ad57a7a9301fa5.jpg,0.99999106
cf00779ee6a8156cb82b.jpg,5.3197887e-06
cf305a8a98a9924c862b.jpg,0.09876058
cf5beef7fb052b620d9b.jpg,0.15127626
cf64042dea7878a1148b.jpg,0.009179961
cfc1693d00549ae777d9.jpg,4.1590084e-07
cfd3c8d1ae55ed971915.jpg,7.0637464e-07
d0099b2fffe7cde5a0bd.jpg,0.00038814973
d02bdc06089b67782b22.jpg,0.009443188
d034fd806187fb431bbc.jpg,0.095910296
d0503d9e6782dee12b46.jpg,3.6969578e-07
d055e927ef82fd9edf19.jpg,4.6565605e-05
d05b313a053ad7a592a8.jpg,0.00027179625
d06120210dc9a9bd31c5.jpg,0.99631566
d099505330c0f97a0f91.jpg,0.06356562
d09e0cda30d909f8346b.jpg,0.9999999
d0a39481d6291b82c8ed.jpg,7.1057098e-06
d0a4a710961871f896b1.jpg,4.3464945e-05
d0ab60a25ee1304da76d.jpg,0.999995
d0e09fb3e1cf4acd9cff.jpg,0.99998665
d0e3b0ba49a84455317f.jpg,0.7800608
d0ef98ed27887b6e5f81.jpg,0.9999999
d10709b020b6ab020e6c.jpg,2.0098264e-06
d12c1cf67687d64ec284.jpg,0.99999034
d13a6cac3ef8d9128b5c.jpg,4.0161135e-06
d14cc62b3df341f12289.jpg,3.5301289e-06
d155c1205cb3c2bacc9d.jpg,0.09804554
d15bdf9c523e1f4e06c4.jpg,0.99787605
d17ca3707b8a217dc85f.jpg,0.5699701
d1883976d4cba0be5bb4.jpg,0.000110311514
d196e0cb612785f6fd3d.jpg,1.3758086e-06
d228e2fc8187cf8dd9de.jpg,6.885095e-06
d22d0dcf7502979fae33.jpg,6.8041675e-07
d2575e14b67afe833b6d.jpg,0.9998646
d262299c0d330e15c64f.jpg,0.1197716
d2aa97a0e665633d46af.jpg,0.9999833
d2c06f3cee6bf79716de.jpg,2.674246e-06
d2cbf06ad41f4ae16f8b.jpg,0.9999999
d2d5b8b10524e73caee5.jpg,5.9106287e-07
d2de65983acd3394ccdf.jpg,0.9770222
d2f55e509761575712de.jpg,0.9999999
d2f851c7177e4ea19c77.jpg,2.1082851e-06
d304bedf22dbb43a182f.jpg,5.6064977e-07
d313aa80e9138368dbac.jpg,6.695827e-05
d31cd5fd62299e62c663.jpg,3.7402474e-06
d31d5670a7c5bb6923df.jpg,0.0002577989
d35805ae1186b6793e53.jpg,0.41557255
d36307a6eb7e033492f0.jpg,1.0
d3870a675658b173438b.jpg,6.5369013e-06
d3c71f6f4b53741243c5.jpg,1.0857907e-06
d3fb226d2de32bb428bd.jpg,9.737184e-06
d40fafec0e4c3488f9f6.jpg,0.069405735
d427ee2526cc5a5d3bea.jpg,1.2381377e-06
d453167955649d1d6f04.jpg,0.99863166
d4af5120243b7c6f83cb.jpg,1.6293624e-06
d4af64278f70abc1bd46.jpg,0.9999907
d4c216dae02744c5f7c3.jpg,0.4064228
d4d2a82b983517b46b49.jpg,1.2115225e-06
d4d9c2a504343585fa04.jpg,1.2552532e-06
d543112315901e32a9d8.jpg,0.99998593
d543253822295072277b.jpg,1.0
d54c6fe4df9cac3b8827.jpg,3.1055795e-05
d565c5ac3235ffd9e1eb.jpg,0.15657113
d56df682901a40b94406.jpg,0.9999999
d576848e1416c9757ec9.jpg,2.6584828e-06
d5a5fb64b29be4641691.jpg,0.9999999
d5ace2dd1351a407859f.jpg,1.7413287e-05
d5b185f3e9b54dcb8bde.jpg,6.423594e-06
d5d8aec3483824b9027c.jpg,1.5660614e-06
d5e3a58b134732b0ece4.jpg,0.85845417
d5e688dd82e8740cb951.jpg,1.0311804e-06
d61a4f5f7a9267964c6a.jpg,5.565623e-06
d64d90bb7f3aac915fe4.jpg,3.2269298e-05
d65074b8259d1461b6ee.jpg,6.6686573e-07
d65d5fa4a8cc1c752d77.jpg,0.0030022128
d660498281e2bc4cccd1.jpg,4.785113e-06
d679c6c3427877908e46.jpg,1.0
d6864d5345d197d8bfff.jpg,6.899591e-05
d6a633475a0d751a5a77.jpg,0.9999827
d6ced3da3cccde224649.jpg,1.0
d731e1375a8c4d2720ac.jpg,0.9999999
d73874ef6df3ebd2489a.jpg,6.5272514e-05
d7484bb2d1bc5955f644.jpg,1.6134594e-05
d77da21b80f8a37af3c3.jpg,4.1754163e-05
d7893bdef98be23d91c0.jpg,0.9999999
d7a78d06ac01c090a39b.jpg,6.4883147e-06
d7c12d73a826458762c0.jpg,1.626028e-06
d7c821ce5035c9ed847d.jpg,0.6643582
d7ccd1bbce613ce5e23c.jpg,5.8736154e-05
d7f2427bd29a960e801e.jpg,0.9690791
d83fdf1dfd4d2f5311dd.jpg,4.179914e-06
d846d2b6c45bcad04215.jpg,5.642678e-07
d850ba6c70138abdf179.jpg,0.0004789917
d85d364692eb0c3570d6.jpg,1.021923e-05
d899056cee1a74a5f625.jpg,0.9999993
d9136f4cffa1973297a5.jpg,0.042116947
d9488e3af01ff06bc8e7.jpg,0.9999771
d953579f82bf39f8f0c0.jpg,0.99797386
d9622f62491858314f88.jpg,0.1622466
d969f958befe7a8d45ed.jpg,0.15015528
d96e69a4d19e7646a761.jpg,0.090162694
d972b52c5b6ee66d846b.jpg,0.99999
d97fca6dc2627aa921eb.jpg,0.0029669446
d983bad3f63c199d1433.jpg,3.7805628e-06
d98506aae8bec74f8f63.jpg,0.99487406
d9fdd2b970136c98d201.jpg,3.813224e-06
da051d59b5f65031bb48.jpg,1.3803071e-06
da454c381137c2930ec9.jpg,0.99999976
da5d6b0db585c09d5942.jpg,1.0615679e-05
da5d812bfd1b46f47113.jpg,1.004975e-06
da6745f8b6f8a96d3a53.jpg,0.23649125
da729a00078973eef355.jpg,0.00043185148
da734bf16f75801c0e8b.jpg,0.00040203254
da815faed95c6203cad6.jpg,0.19922686
dab73eaf0306e0269a77.jpg,6.875246e-07
dae545d88ed0aa28fa26.jpg,0.99548495
daf24247aaf37dddfc90.jpg,0.9999583
dafcff28993f3908f91e.jpg,1.1002769e-05
db028e0a5b519b4f2c61.jpg,1.6998467e-05
db034011b8855fbd8da5.jpg,9.876533e-06
db07f3f43e315f34c212.jpg,0.042834412
db3723e65d36c23fd8c8.jpg,4.937545e-06
db800a03f3fef2102d99.jpg,4.462225e-06
db8c461d1916af59e352.jpg,1.20113655e-05
dc411d22119eba1eef82.jpg,0.99658453
dc5fd90512ea57507f01.jpg,0.99999976
dc800f055e4f750ab40d.jpg,4.0372163e-07
dc8f006b6492ab372ee5.jpg,2.853441e-06
dcc60a15161e446af950.jpg,0.9999025
dd15afcbf1d689cd0d7e.jpg,0.006238243
dd21a4188da22e5b8a1d.jpg,5.1661386e-06
dd62712962984c1b815d.jpg,6.970122e-07
dd8259747a4d59f54524.jpg,7.7758955e-07
dda36355440c578961d8.jpg,0.99968433
dde94e16b0267d1e134e.jpg,1.9872406e-05
de1ee5d72b0743302fe7.jpg,0.00057631015
de5342986dec13a1b62c.jpg,0.7618517
de6bb59d736ee512ca50.jpg,5.6540786e-05
de6e84a4db865e1cfd95.jpg,1.1666276e-06
de7438f9887084eeb2e0.jpg,0.99999917
de8de540c9a7ea2c7de3.jpg,0.001551514
deb842d7c73899356d9a.jpg,3.3589873e-05
ded92a63c3d870efd9f5.jpg,0.7479449
df53444fbe7f7e3860c8.jpg,0.049960766
df79f84078cf554aad99.jpg,1.2297799e-05
df7d01273524e25632da.jpg,0.00030889595
df8ec9649dd3a98e7ef7.jpg,0.999998
df9cf84871041a04617e.jpg,0.0033824968
dfa4c696f3a133ce1db0.jpg,1.8258841e-05
dfa71b9d84590a2f65c9.jpg,0.99974674
dfba2cc3ffe86eefe7d2.jpg,1.3836632e-05
dfbb868a876cbf46cac4.jpg,2.3510752e-07
dfd3bb102ef4362aef3d.jpg,1.4876604e-06
dfeaa7a096534b23bf06.jpg,0.9999995
e026cdebf499d215cef9.jpg,0.99998415
e04c8c67356eb654aaa7.jpg,0.9999999
e0580d36978ec065050c.jpg,0.99999976
e079b7b93504528a1329.jpg,0.010605831
e0a6576feb5ecbc6318a.jpg,8.791101e-06
e0ce88416c28ea2caf8b.jpg,0.99999976
e13810414e66b896f7a8.jpg,0.99637777
e15aa2ae78fde9fd33fb.jpg,1.9812235e-06
e17e8b17d292844e17b1.jpg,0.9999999
e188b85390254aa7a711.jpg,3.043453e-05
e1a1cdbe70557f91fba1.jpg,0.99994624
e1ab97919cde10f71853.jpg,0.9934977
e1ad892335918b1474cd.jpg,2.2751299e-06
e1c139ea279e1e3609d1.jpg,3.0083952e-06
e1d02ff69faf691fecfb.jpg,1.6662938e-05
e1d165aa9f511a56c413.jpg,0.9999988
e1d27747ee0288b8f963.jpg,6.601483e-07
e202d8716d6f52c982d2.jpg,0.99944264
e231082d836fcc013c55.jpg,0.126167
e27e3cdd964ae78b366f.jpg,2.165217e-06
e27fc05aadd9e116e1d6.jpg,2.0504816e-05
e293141a471021dcfd39.jpg,0.99791056
e2ab93fcc6c54cd632bd.jpg,0.00019681631
e2bf12950c406b3ad44e.jpg,2.7050023e-06
e2c0d78d431ffe32166e.jpg,1.7087594e-06
e2c8f45c398c9f903cd0.jpg,0.95646334
e2ca2440de47ff6cfe06.jpg,1.5659132e-05
e2cad0ec9f4d8a2be891.jpg,0.999466
e2f9ca8609d89cae99f3.jpg,8.733858e-07
e3145c566ed0471de4ec.jpg,1.1261529e-05
e326120aeb66477516a0.jpg,3.675286e-06
e35a220aeb97ca5194fe.jpg,0.62370455
e36620a9e19a3d47845d.jpg,0.999967
e379a59f469ed55d66a1.jpg,0.02403988
e3892f74369c9c12040d.jpg,2.332546e-06
e3d47b32563d75e41284.jpg,0.96854746
e3e462d4f9ca3e956f05.jpg,0.0001022784
e3e7a9a076a7eb7aab01.jpg,0.0057842103
e3fbbf4d92eb54c661ff.jpg,0.9999522
e406ad7656c32d0c5111.jpg,0.9998037
e45e3bec043fe87be402.jpg,0.99997854
e4921f8fc61d3ce2a270.jpg,0.15709455
e49f8e5be56ffe714485.jpg,1.1559786e-05
e4a08fb31a49984bcb84.jpg,0.99581236
e4bb5408baa365d975af.jpg,2.414602e-07
e4e73f61f6a10a08ce77.jpg,0.99045897
e4fc345d91d6b4df49ed.jpg,0.99995124
e4ff41d9409ab643b12d.jpg,0.10228294
e5277d216d72e6e3c352.jpg,0.00012792657
e5311811dcbacc6c0a82.jpg,0.9998363
e54da100d765151206a8.jpg,0.9369078
e55ba7d6d2347eff0cdb.jpg,0.99997497
e56616df5bc6c846dfb0.jpg,0.00077551516
e573e0807cccf22c9dd7.jpg,0.004082306
e589eab61feb7517c95f.jpg,3.488693e-06
e5cbebe7e91d1562b61c.jpg,1.0385289e-06
e5cfc600dda724df3efb.jpg,0.9999945
e6006a6a7d5f4eab6766.jpg,0.0020761054
e60bae422b9b11a522b3.jpg,2.4949072e-06
e60dd239a0ad6af8bb16.jpg,0.9999995
e6162d31134078b869a3.jpg,1.0
e627b757853f1a4bd033.jpg,5.2869127e-05
e6285894590b7c72d582.jpg,0.37846938
e6289bc8ecf53feaa6f5.jpg,0.9999975
e62f5b3461a32485ba86.jpg,7.009826e-07
e66786a09e6f91da62bf.jpg,5.310112e-06
e674b557ec17d9401dd8.jpg,6.216738e-07
e6bae59c66b2c7a5e952.jpg,0.89294523
e6c63f47ef9ebe069e13.jpg,1.1965908e-05
e6cf01b83794c1a6df52.jpg,0.77133316
e6d3e8e287ea1a5d1a86.jpg,2.0209567e-08
e6dfe7f58d023a4f6c8f.jpg,0.07447334
e72ffaa151ecf7f5aa21.jpg,0.99998796
e743d52bb7b9ea5020a1.jpg,2.1373654e-07
e756002470c330708b21.jpg,0.16834758
e7771f3c067f1bb9f07e.jpg,0.01210578
e7996379c32b5b3674bd.jpg,0.00041154114
e7c4183255cf2a4ff83b.jpg,9.0138456e-05
e7c9c37f3a38050499c5.jpg,0.9972109
e7ca4c9ecab3827d9ccd.jpg,0.0008412452
e7d84619bd9235ad0870.jpg,0.27688795
e7e3962cc3e0923d3ba8.jpg,2.2531309e-07
e7f82b69748e78c5c058.jpg,0.99997735
e7ff306fe7c3afd27b36.jpg,2.7287385e-06
e815de4219484a79380d.jpg,0.9974942
e8163f7081137a0c5244.jpg,2.5484602e-05
e81fdb5585d6d2cfd0a4.jpg,0.00013977835
e840b699212df43a29bc.jpg,0.9999963
e8436a087a8b7d87b533.jpg,1.9686122e-05
e861bb2e027465d4f2ef.jpg,1.0654087e-05
e88710561fc92d587feb.jpg,2.1932556e-07
e88bade364149b995abd.jpg,0.0008460376
e898d948efbf83d45e2c.jpg,0.0049813576
e8a61a6f9f2d58205a42.jpg,0.5257934
e8d52a5404a0a40f4052.jpg,2.3254252e-06
e9035714f860dbb4bc18.jpg,0.008972157
e904d79f0d807067afa0.jpg,7.5408443e-06
e922fdb8859ac53d36b3.jpg,0.9995009
e928175df3bc4c303939.jpg,0.9999999
e928d6d7b7dda972a400.jpg,1.0612121e-06
e934a13cf23344bbfba2.jpg,0.9907995
e938d9db3b4ed75a78d4.jpg,0.9999907
e94b4afe9325c3f5cb4b.jpg,9.077046e-06
e961aa711e92e6fea79e.jpg,0.9999714
e96c1cb0a1ccf9da049a.jpg,0.0009394918
e9bc790f9757c7bfd21e.jpg,0.99999976
e9bfe8e6e25f23fde1b0.jpg,0.9999994
e9c1c36c2e01b627dbc9.jpg,4.2781885e-06
e9d6f526902bedcf3881.jpg,0.99999833
e9f22ca725758d0a70d8.jpg,0.00023963017
e9fd104f5e8ab247a6e8.jpg,0.99999785
ea099bc2da1880fbd1a4.jpg,3.9890047e-06
ea1364965d6fab2b5245.jpg,0.00013490976
ea29728488d2c1c49b9b.jpg,8.908518e-05
ea2a7950a59262de3d9b.jpg,0.999997
ea314a0c50a9569aaa20.jpg,4.3087994e-06
ea31cd54af5c44d1790d.jpg,0.99854124
ea37f8160431eb9f7775.jpg,0.97655857
ea4649e0eb796ee05fb7.jpg,0.99996126
ea49bce193d18bde4470.jpg,0.28584585
ea53c341aa1bc172f6cd.jpg,0.9999999
ea84c6d00024ae722cd6.jpg,4.775248e-06
ea8d70cb650f552395f2.jpg,6.173727e-07
ea983fc816ced63fbfdc.jpg,0.00014622867
eaa00af9577f94e92e4e.jpg,1.0821302e-06
eaa1f863b5f491aa2fe3.jpg,0.998941
eaa464072b6d4e008e55.jpg,2.023976e-07
eaaf72b2b87a6083208f.jpg,0.9999994
eab33cfa36cff4c44d03.jpg,0.15686075
eaebb1ad69d4d74bacfb.jpg,0.99999976
eb057645303be1997875.jpg,0.99999964
eb12630c63a77d53b886.jpg,1.0557509e-06
eb352c407dc43e49ea8f.jpg,0.9999981
eb36cc893ff888683f8c.jpg,0.92657125
eb4a90f4f3fc02c35926.jpg,1.2324757e-05
eb4c8d773dce0719e951.jpg,2.4614998e-05
eb86ef87ff97ba7fc00a.jpg,1.4041525e-06
eb87480872b7fd18ea65.jpg,1.8553092e-05
ebb59ff31c342581dbf5.jpg,1.6504897e-05
ebcbd572a672041f6af5.jpg,0.9999937
ebcd73856e459ac23cf6.jpg,0.00076544547
ec337c626e522b63acaa.jpg,1.0
ec407a9b8bb3bfe0159e.jpg,9.589173e-07
ec441793d267348356d1.jpg,0.9999999
ec495da7bfe74e70ff48.jpg,0.9997683
ec6293591d36019c0f72.jpg,5.3381992e-08
ec87a116103fa3274e1d.jpg,0.000106478205
ecb7a34e04b7db549d05.jpg,1.7456352e-05
eccefe39cb007caf0771.jpg,1.9243378e-06
ecfee7a9f7438296dc93.jpg,0.9999579
ed1c938d7019eeca8d8a.jpg,4.0634515e-07
ed39a0c91a6011dd2aa7.jpg,2.7821388e-06
ed4964e725adf0b6d133.jpg,3.804129e-06
ed58b11f00843eba091f.jpg,0.00015032827
ed58dba943256fa9e789.jpg,2.5027353e-05
ed65fe49f54e7ab22c68.jpg,0.6830631
eda64b62139e42c4eb16.jpg,1.5352072e-07
edba2193cab1604468ce.jpg,3.4260145e-07
edcc6f0aad2022d2407e.jpg,2.3529323e-07
edd7afd8ff508ceef210.jpg,3.465649e-05
edf252b4467b500ccf8f.jpg,4.1345174e-05
ee227a090c0c68fa9b9a.jpg,0.12715295
ee371665cf4fff6fce65.jpg,0.037282817
ee3b1a2cb9d0f1b8d566.jpg,0.00024324933
ee4467d99b6e7b5b056e.jpg,0.000120806195
ee6d5267016646efa5ba.jpg,0.6842979
ee73275f790a16646b8e.jpg,0.00060419063
ee7f7bdc6b1dd872724f.jpg,0.00024942152
ee876676380b958feb2b.jpg,1.372001e-06
ee88ebcc53a212df9190.jpg,3.1387005e-06
eef422f9bf4394d8b093.jpg,5.856328e-05
eef78ecb648066a1c951.jpg,3.231022e-05
eef99ec01cce6aba44ac.jpg,0.3737735
ef14590d593cfd19d17e.jpg,7.876199e-05
ef4c20c6995cea26d0ef.jpg,0.991625
ef507ea53beffb0ab8f1.jpg,0.9999913
ef690fa10552bccdf549.jpg,0.0063641286
ef72991fd8a33e033de9.jpg,0.9999367
ef7ba77a01541dd76f4a.jpg,0.16466066
efa71e6bfba4e0ee0bcd.jpg,0.46944496
efc46d27b16ba6e50fc3.jpg,0.9998914
efdf0b1e77e00d11bfd8.jpg,1.0
efe2c5c2d07fafd5a6cd.jpg,4.977429e-07
eff99b8a9d8a4cb0cf2b.jpg,0.9988446
f005e30a6dc5752e269f.jpg,8.917608e-07
f0071a99bb2bd6cc3010.jpg,4.726182e-05
f00875133e304de2cd17.jpg,0.98827666
f026cbc794ba996d1110.jpg,7.863651e-05
f079414e4ccd45dc1cc4.jpg,3.8633538e-05
f07af43f032b68fb6535.jpg,5.1766403e-07
f087826fa9a1f8ad3022.jpg,0.026288092
f08f43f6581368549e37.jpg,0.99846953
f0a0d98009a1741b28cc.jpg,5.8360547e-07
f11f1accafe74011be0e.jpg,4.9337605e-06
f11f78b200065b4f273a.jpg,0.07887245
f1445a2b526d8db67f06.jpg,1.4478192e-06
f19137fb47015299b0a6.jpg,0.67175406
f1cce792bcdf56718eb7.jpg,0.00019274728
f1ef82bee2b24890e7d0.jpg,0.633083
f1f91421b7c9ed9b0486.jpg,1.7698841e-05
f256d53eee6b863ce6d7.jpg,0.96641034
f2604eb5e751cb5f0d24.jpg,0.95885134
f2a1823dd1b5050e7c40.jpg,0.9622262
f2a18cbd16f5b91204a0.jpg,1.0862392e-06
f3182c80a8ee220697eb.jpg,2.3457846e-05
f3731d70fbf59cd75eb4.jpg,6.4305176e-08
f398e6db8df5e239e908.jpg,0.9996445
f3e9f5a4bc3ecaa71ad4.jpg,5.0751e-06
f3fe526d15cdd05ed4ee.jpg,3.3086528e-06
f4172e4765ab13b07e18.jpg,0.9988865
f41860729ffd2eb25bcf.jpg,9.582203e-05
f4324e819893831d0811.jpg,0.9680987
f44380325b7a70fdbf89.jpg,7.1901286e-06
f44b63c48c4eef1bf3c4.jpg,3.273698e-06
f463720fa0ca5d9d4b08.jpg,0.998231
f466b72352694caa69dd.jpg,1.0315904e-05
f47310d117d8e072db61.jpg,3.2946004e-06
f47791200cf7ba03db9f.jpg,0.9999957
f478747ddfb6fc49b77b.jpg,3.572552e-06
f483f40896de0a302f9e.jpg,0.039624665
f4aa85a740dc46ca994c.jpg,7.838155e-08
f4b764ffee23d4901761.jpg,8.687109e-06
f4c8c666a6ed7229b1e3.jpg,1.0024366e-05
f4d213365d7587989d73.jpg,0.0011749346
f4d74c6f93f667adee0f.jpg,7.8067105e-06
f4de5277d2cb5ca1fa49.jpg,1.674522e-06
f4f4bc59953e378be7db.jpg,2.0375396e-06
f51c83956c09eae28167.jpg,0.00023305275
f521f8e906f9fdc6856f.jpg,0.9994677
f5236a47432f5d8fc6aa.jpg,0.0009183188
f54a8ee6fb53655ba39e.jpg,9.905416e-06
f55da60b31a55503cf0c.jpg,0.0009430418
f580f8f83e3c71902c8c.jpg,1.5232877e-06
f5813010e8bf0050b3eb.jpg,0.9996799
f58593d2f770a919af66.jpg,5.4004124e-07
f58934993a917efdfbfc.jpg,3.140898e-05
f58d7cab704c2a9958e7.jpg,0.99967945
f5cc9ce4cd5e9ec94d46.jpg,6.133479e-06
f5e6d01e7b37a52b737c.jpg,1.373514e-07
f6102de6aae3a4a54dbb.jpg,5.262176e-05
f624ca4597310f837310.jpg,1.0
f65d1ba8159facfc3ab0.jpg,0.01424431
f65eae4272bbb30a00c6.jpg,0.9979559
f688df517b996ac33a9b.jpg,4.0208528e-05
f6948eeb74cb6eb1e159.jpg,0.9995227
f69de82656199bd00a63.jpg,1.9914166e-06
f6b76c957802dc112363.jpg,0.0002199064
f6b7f696b6e8f83c772c.jpg,5.2748783e-06
f6ca1ed76b1f2c4f7b46.jpg,0.0076122023
f703129fddb70239a48e.jpg,4.1015902e-08
f710965525abd726bc1c.jpg,5.72526e-07
f72bf33b507bdc46c902.jpg,1.8817203e-05
f7345ae58536e89196f5.jpg,4.7014382e-07
f73a53e759c338e20ade.jpg,0.99999905
f771f8b92ca76d0b7d52.jpg,0.9999999
f788dbee7f9148ee86b7.jpg,0.9999994
f7c3ff5314871f0300b9.jpg,1.0
f7e51c8019971f743119.jpg,0.0014150093
f7ecb90271099d6604a5.jpg,5.2785317e-06
f7f2ca97379923638909.jpg,0.031842403
f7fd69f4c2e93243cef3.jpg,0.00010194616
f80ee938ad5821a8ae78.jpg,0.9375779
f833b08db40be531db4b.jpg,2.3887671e-06
f860fc2c32cca7c5a823.jpg,0.002463689
f879d989deda0b00ad62.jpg,9.442305e-06
f885e649bd4060259348.jpg,0.0032423495
f89fe7a14b477e345e55.jpg,0.18648691
f8a1846f9626fe6adb9e.jpg,4.0144705e-06
f8d20cc02642d3cb4722.jpg,0.00015659304
f8dbce78eecdfd49c6db.jpg,0.9999926
f92c859f96bfa3f45440.jpg,5.898353e-07
f953eae5f1608af22629.jpg,2.3022269e-05
f9685473083f38f23c0e.jpg,0.00085145445
f973ab71650ce3bc47c4.jpg,1.2671932e-06
f9898b629d17c6739fa8.jpg,0.00049454166
f99c94b51795181f6de7.jpg,0.01162101
f9b8a30b1a2a85543744.jpg,2.376554e-05
f9cd2094d94e4385ae0c.jpg,1.3782234e-07
f9ee397f1eb112aa5891.jpg,0.99999785
fa24804ccddea9eb2cf4.jpg,0.9994548
fa5bbe3b5d14caf56002.jpg,0.9892107
fa66146aff4ecb73971a.jpg,0.99999964
fa6cebc239c93e3906e7.jpg,6.7257192e-06
fa8584cd16a5aef23741.jpg,1.0401252e-07
fa8a9fd4181f4b410c27.jpg,0.99999964
fa8cd445a887dcaeda9d.jpg,8.6551954e-05
faa457d204ab739e2d96.jpg,0.9991843
faa7a2bbad346de733ae.jpg,4.498432e-06
fae16c3ac2e950a36f0d.jpg,2.7693216e-07
faefa6087e939730d3e7.jpg,0.99999905
fb1524e5a2e47d387722.jpg,0.7958848
fb27ee713d7d1cb16dab.jpg,0.98600113
fb2c08b0bf94353ae96b.jpg,0.1906166
fb4585a784da0e76016a.jpg,1.0972651e-06
fb995f3b41c3f5d31479.jpg,0.9999999
fba4f37e9a373f900d2a.jpg,0.019949231
fbaf075278f19f4a7be6.jpg,8.589398e-06
fbc45d1fc8a71588d9bb.jpg,0.005866879
fbf39fff0a5597783dd4.jpg,0.99296206
fc1489c137bcc163828f.jpg,7.3353556e-07
fc522d6d7fbab873fe6c.jpg,0.001923929
fc65c972e43d7d999ebe.jpg,1.0
fc76cb0e600f0d86bca8.jpg,0.9121772
fc8eba0ca7974ef6b379.jpg,8.170502e-05
fce5f2e6e0e79c5e02ec.jpg,0.99992096
fcf24e76c593c2cdb4c7.jpg,2.7877747e-06
fd0b66e941d148b92a61.jpg,0.9997955
fd688a83bf28d8c9e316.jpg,1.0131316e-06
fd6b37882a091433e45f.jpg,0.9921657
fdbdcb9f59205e05c45f.jpg,0.9968251
fdd66e9ebc9bb5ea032b.jpg,0.56779563
fddf528c6676c3a26adb.jpg,2.0046411e-07
fe236ca65433685493de.jpg,0.009852557
fe4dcee45b4c9780273c.jpg,3.8140115e-05
fea5a74f916160119d64.jpg,0.9997327
fedceb726c2f7b73b2b2.jpg,1.0
fee8798777b8b23a9fa0.jpg,1.5961604e-06
ff3dd54a90f03c96f34e.jpg,0.99999976
ff786b388f8079f19169.jpg,4.854454e-06
ffab65de66e6dce0ae53.jpg,8.707679e-06
ffc9bdca5565aa158633.jpg,3.526328e-05
ffcbaac742c9edb7ec8a.jpg,4.7351952e-07
fff3d395ae9e866acc1e.jpg,0.25399482
fffe91ded0775915a568.jpg,3.750517e-05
